altitudeMeridian,altitude_09,altitude_12,altitude_15,altitude_18,azimuth_09,azimuth_12,azimuth_15,azimuth_18,date
76.53,44.23,76.04,53.08,16.44,92.42,158.5,260.0,285.35,20170601
77.01,44.24,76.1,53.14,16.5,92.31,158.31,260.1,285.41,20170602
77.08,44.26,76.17,53.2,16.56,92.2,158.12,260.19,285.46,20170603
77.16,44.27,76.23,53.25,17.02,92.1,157.52,260.27,285.51,20170604
77.22,44.28,76.28,53.31,17.07,92.0,157.33,260.35,285.56,20170605
77.29,44.29,76.34,53.36,17.13,91.5,157.14,260.43,286.0,20170606
77.35,44.3,76.38,53.41,17.18,91.41,156.55,260.49,286.04,20170607
77.4,44.3,76.43,53.46,17.23,91.33,156.36,260.55,286.07,20170608
77.45,44.3,76.46,53.51,17.28,91.25,156.17,261.01,286.1,20170609
77.5,44.3,76.5,53.55,17.33,91.17,155.58,261.05,286.13,20170610
77.54,44.29,76.53,54.0,17.37,91.1,155.4,261.09,286.15,20170611
77.58,44.29,76.55,54.04,17.42,91.03,155.22,261.13,286.17,20170612
78.02,44.28,76.58,54.08,17.46,90.57,155.05,261.16,286.18,20170613
78.05,44.27,76.59,54.12,17.5,90.51,154.48,261.18,286.2,20170614
78.08,44.25,77.01,54.16,17.54,90.45,154.31,261.2,286.2,20170615
78.1,44.24,77.02,54.2,17.57,90.41,154.15,261.21,286.21,20170616
78.12,44.22,77.02,54.23,18.01,90.36,154.0,261.21,286.21,20170617
78.13,44.2,77.03,54.26,18.04,90.33,153.45,261.21,286.2,20170618
78.14,44.18,77.02,54.3,18.07,90.29,153.31,261.2,286.19,20170619
78.15,44.16,77.02,54.33,18.1,90.27,153.17,261.18,286.18,20170620
78.15,44.13,77.01,54.35,18.13,90.24,153.04,261.16,286.17,20170621
78.15,44.1,76.59,54.38,18.15,90.23,152.52,261.13,286.15,20170622
78.14,44.07,76.58,54.4,18.17,90.21,152.41,261.1,286.13,20170623
78.13,44.04,76.56,54.42,18.19,90.21,152.31,261.06,286.1,20170624
78.12,44.01,76.53,54.44,18.21,90.2,152.22,261.01,286.07,20170625
78.1,43.58,76.5,54.46,18.22,90.21,152.13,260.56,286.04,20170626
78.08,43.54,76.47,54.47,18.24,90.22,152.06,260.5,286.0,20170627
78.05,43.5,76.43,54.49,18.25,90.23,151.59,260.43,285.56,20170628
78.02,43.46,76.39,54.49,18.25,90.25,151.54,260.36,285.52,20170629
77.59,43.42,76.35,54.5,18.26,90.27,151.49,260.29,285.47,20170630
77.55,43.38,76.3,54.51,18.26,90.3,151.46,260.2,285.42,20170701
77.5,43.34,76.25,54.51,18.26,90.34,151.43,260.12,285.36,20170702
77.46,43.3,76.2,54.51,18.26,90.38,151.42,260.02,285.31,20170703
77.41,43.25,76.14,54.51,18.25,90.42,151.41,259.52,285.25,20170704
77.35,43.2,76.08,54.5,18.24,90.48,151.42,259.42,285.18,20170705
77.29,43.16,76.02,54.49,18.23,90.53,151.43,259.31,285.12,20170706
77.23,43.11,75.55,54.48,18.22,90.59,151.46,259.2,285.05,20170707
77.16,43.06,75.49,54.46,18.2,91.06,151.49,259.08,284.58,20170708
77.09,43.01,75.41,54.45,18.18,91.13,151.53,258.55,284.5,20170709
77.02,42.55,75.34,54.43,18.16,91.21,151.58,258.42,284.42,20170710
76.54,42.5,75.26,54.4,18.14,91.29,152.04,258.29,284.34,20170711
76.46,42.45,75.18,54.38,18.11,91.37,152.11,258.15,284.26,20170712
76.37,42.39,75.09,54.35,18.08,91.47,152.19,258.01,284.17,20170713
76.28,42.33,75.0,54.32,18.04,91.56,152.28,257.46,284.08,20170714
76.19,42.28,74.51,54.28,18.01,92.06,152.37,257.31,283.59,20170715
76.09,42.22,74.42,54.24,17.57,92.17,152.47,257.16,283.49,20170716
75.59,42.16,74.32,54.2,17.52,92.28,152.58,257.0,283.4,20170717
75.49,42.1,74.22,54.15,17.48,92.39,153.1,256.43,283.3,20170718
75.38,42.04,74.12,54.11,17.43,92.51,153.22,256.27,283.19,20170719
75.27,41.58,74.01,54.05,17.38,93.04,153.35,256.1,283.09,20170720
75.15,41.51,73.5,54.0,17.32,93.16,153.48,255.53,282.58,20170721
75.04,41.45,73.39,53.54,17.26,93.3,154.02,255.35,282.47,20170722
74.52,41.39,73.28,53.48,17.2,93.44,154.17,255.17,282.36,20170723
74.39,41.32,73.16,53.41,17.14,93.58,154.32,254.59,282.25,20170724
74.26,41.26,73.04,53.35,17.07,94.12,154.48,254.41,282.13,20170725
74.13,41.19,72.52,53.27,17.0,94.27,155.04,254.22,282.02,20170726
74.0,41.12,72.39,53.2,16.53,94.43,155.21,254.04,281.5,20170727
73.46,41.05,72.27,53.12,16.45,94.59,155.38,253.45,281.38,20170728
73.32,40.59,72.14,53.04,16.38,95.15,155.55,253.25,281.25,20170729
73.17,40.52,72.0,52.55,16.29,95.31,156.13,253.06,281.13,20170730
73.03,40.45,71.47,52.46,16.21,95.48,156.32,252.47,281.0,20170731
72.48,40.38,71.33,52.37,16.12,96.06,156.5,252.27,280.47,20170801
72.33,40.3,71.19,52.27,16.03,96.24,157.09,252.08,280.35,20170802
72.17,40.23,71.05,52.18,15.54,96.42,157.28,251.48,280.21,20170803
72.01,40.16,70.5,52.07,15.44,97.0,157.48,251.28,280.08,20170804
71.45,40.09,70.35,51.57,15.34,97.19,158.08,251.08,279.55,20170805
71.29,40.01,70.2,51.46,15.24,97.38,158.27,250.48,279.41,20170806
71.12,39.54,70.05,51.34,15.13,97.58,158.48,250.28,279.28,20170807
70.55,39.46,69.49,51.23,15.02,98.18,159.08,250.08,279.14,20170808
70.38,39.39,69.34,51.11,14.51,98.38,159.28,249.48,279.0,20170809
70.2,39.31,69.17,50.58,14.4,98.58,159.49,249.28,278.46,20170810
70.03,39.23,69.01,50.46,14.28,99.19,160.09,249.08,278.32,20170811
69.45,39.15,68.45,50.33,14.17,99.4,160.3,248.48,278.18,20170812
69.27,39.07,68.28,50.2,14.04,100.01,160.5,248.28,278.04,20170813
69.08,38.59,68.11,50.06,13.52,100.23,161.11,248.08,277.49,20170814
68.5,38.51,67.54,49.52,13.39,100.45,161.32,247.48,277.35,20170815
68.31,38.43,67.36,49.38,13.26,101.07,161.52,247.28,277.2,20170816
68.12,38.35,67.19,49.24,13.13,101.29,162.13,247.08,277.06,20170817
67.52,38.26,67.01,49.09,13.0,101.51,162.33,246.48,276.51,20170818
67.33,38.18,66.43,48.54,12.46,102.14,162.54,246.29,276.36,20170819
67.13,38.09,66.25,48.39,12.33,102.37,163.14,246.09,276.21,20170820
66.53,38.01,66.06,48.23,12.18,103.0,163.34,245.5,276.07,20170821
66.33,37.52,65.47,48.07,12.04,103.24,163.55,245.3,275.52,20170822
66.13,37.43,65.29,47.51,11.5,103.47,164.15,245.11,275.36,20170823
65.52,37.34,65.1,47.35,11.35,104.11,164.35,244.52,275.21,20170824
65.32,37.25,64.5,47.18,11.2,104.35,164.55,244.33,275.06,20170825
65.11,37.16,64.31,47.01,11.05,104.59,165.15,244.14,274.51,20170826
64.5,37.07,64.11,46.44,10.5,105.23,165.34,243.55,274.36,20170827
64.29,36.58,63.51,46.27,10.34,105.48,165.54,243.36,274.2,20170828
64.08,36.49,63.32,46.09,10.19,106.12,166.13,243.18,274.05,20170829
63.46,36.39,63.11,45.52,10.03,106.37,166.32,242.59,273.5,20170830
63.25,36.3,62.51,45.34,9.47,107.01,166.51,242.41,273.34,20170831
63.03,36.2,62.31,45.15,9.31,107.26,167.1,242.23,273.19,20170901
62.41,36.1,62.1,44.57,9.14,107.51,167.29,242.05,273.03,20170902
62.19,36.0,61.49,44.38,8.58,108.16,167.47,241.47,272.48,20170903
61.57,35.51,61.28,44.2,8.41,108.41,168.05,241.29,272.32,20170904
61.35,35.4,61.07,44.01,8.24,109.06,168.23,241.12,272.16,20170905
61.13,35.3,60.46,43.41,8.08,109.31,168.41,240.54,272.01,20170906
60.5,35.2,60.25,43.22,7.51,109.57,168.58,240.37,271.45,20170907
60.28,35.1,60.03,43.03,7.34,110.22,169.16,240.2,271.29,20170908
60.05,34.59,59.42,42.43,7.16,110.47,169.33,240.03,271.14,20170909
59.43,34.49,59.2,42.24,6.59,111.12,169.49,239.46,270.58,20170910
59.2,34.38,58.58,42.04,6.42,111.38,170.06,239.29,270.42,20170911
58.57,34.27,58.37,41.44,6.24,112.03,170.22,239.13,270.26,20170912
58.34,34.16,58.15,41.24,6.07,112.28,170.38,238.56,270.1,20170913
58.11,34.05,57.52,41.04,5.49,112.53,170.54,238.4,269.55,20170914
57.48,33.54,57.3,40.43,5.32,113.19,171.09,238.24,269.39,20170915
57.25,33.43,57.08,40.23,5.14,113.44,171.24,238.07,269.23,20170916
57.02,33.31,56.46,40.03,4.5600000000000005,114.09,171.39,237.51,269.07,20170917
56.38,33.2,56.23,39.42,4.39,114.34,171.53,237.36,268.51,20170918
56.15,33.08,56.01,39.22,4.21,114.59,172.08,237.2,268.35,20170919
55.52,32.57,55.38,39.01,4.03,115.23,172.22,237.04,268.19,20170920
55.29,32.45,55.16,38.41,3.45,115.48,172.35,236.49,268.03,20170921
55.05,32.33,54.53,38.2,3.27,116.13,172.49,236.33,267.47,20170922
54.42,32.21,54.3,37.59,3.1,116.37,173.02,236.18,267.31,20170923
54.19,32.09,54.07,37.38,2.52,117.02,173.15,236.03,267.15,20170924
53.55,31.56,53.45,37.18,2.34,117.26,173.27,235.47,266.58,20170925
53.32,31.44,53.22,36.57,2.17,117.5,173.4,235.32,266.42,20170926
53.09,31.31,52.59,36.36,1.5899999999999999,118.14,173.51,235.17,266.26,20170927
52.45,31.19,52.36,36.16,1.4100000000000001,118.38,174.03,235.03,266.1,20170928
52.22,31.06,52.13,35.55,1.24,119.01,174.15,234.48,265.54,20170929
51.59,30.53,51.51,35.34,1.06,119.25,174.26,234.33,265.38,20170930
51.35,30.4,51.28,35.14,0.49,119.48,174.36,234.19,265.22,20171001
51.12,30.27,51.05,34.53,0.31,120.11,174.47,234.04,265.05,20171002
50.49,30.14,50.42,34.33,0.14,120.34,174.57,233.5,264.49,20171003
50.26,30.01,50.19,34.12,0.03,120.57,175.07,233.36,264.33,20171004
50.03,29.48,49.57,33.52,0.2,121.19,175.16,233.21,264.17,20171005
49.4,29.35,49.34,33.32,0.37,121.41,175.26,233.07,264.01,20171006
49.17,29.21,49.11,33.11,0.54,122.03,175.35,232.53,263.44,20171007
48.54,29.08,48.49,32.51,-0.9,122.25,175.43,232.39,263.28,20171008
48.31,28.54,48.26,32.31,-0.73,122.47,175.52,232.25,263.12,20171009
48.08,28.4,48.04,32.11,-0.5700000000000001,123.08,176.0,232.11,262.56,20171010
47.46,28.27,47.41,31.52,-2.0,123.29,176.08,231.57,262.39,20171011
47.23,28.13,47.19,31.32,-1.84,123.5,176.15,231.44,262.23,20171012
47.0,27.59,46.57,31.13,-1.69,124.1,176.22,231.3,262.07,20171013
46.38,27.45,46.35,30.53,-1.53,124.3,176.29,231.16,261.5,20171014
46.16,27.31,46.13,30.34,-2.97,124.5,176.35,231.02,261.34,20171015
45.54,27.17,45.51,30.15,-2.82,125.1,176.41,230.49,261.18,20171016
45.32,27.03,45.29,29.56,-2.67,125.29,176.47,230.35,261.02,20171017
45.1,26.49,45.07,29.38,-2.52,125.48,176.53,230.22,260.45,20171018
44.48,26.34,44.46,29.19,-3.97,126.07,176.58,230.08,260.29,20171019
44.27,26.2,44.24,29.01,-3.83,126.25,177.03,229.55,260.13,20171020
44.05,26.06,44.03,28.43,-3.69,126.43,177.08,229.41,259.57,20171021
43.44,25.51,43.42,28.25,-3.55,127.01,177.12,229.28,259.41,20171022
43.23,25.37,43.21,28.07,-3.41,127.18,177.16,229.15,259.25,20171023
43.02,25.23,43.0,27.5,-4.87,127.35,177.2,229.02,259.08,20171024
42.41,25.08,42.39,27.33,-4.74,127.52,177.24,228.48,258.52,20171025
42.21,24.54,42.19,27.16,-4.61,128.08,177.27,228.35,258.36,20171026
42.0,24.39,41.58,26.59,-4.48,128.24,177.3,228.22,258.2,20171027
41.4,24.25,41.38,26.42,-5.96,128.4,177.32,228.09,258.04,20171028
41.2,24.11,41.18,26.26,-5.84,128.55,177.35,227.56,257.49,20171029
41.0,23.56,40.59,26.1,-5.72,129.1,177.37,227.43,257.33,20171030
40.41,23.42,40.39,25.55,-5.6,129.24,177.39,227.3,257.17,20171031
40.22,23.27,40.2,25.39,-5.49,129.38,177.4,227.17,257.01,20171101
40.02,23.13,40.01,25.24,-6.98,129.52,177.41,227.04,256.46,20171102
39.44,22.59,39.42,25.09,-6.87,130.06,177.42,226.52,256.3,20171103
39.25,22.45,39.23,24.55,-6.77,130.19,177.43,226.39,256.15,20171104
39.07,22.3,39.05,24.4,-6.67,130.31,177.44,226.26,255.59,20171105
38.49,22.16,38.47,24.26,-6.57,130.44,177.44,226.14,255.44,20171106
38.31,22.02,38.29,24.13,-6.47,130.55,177.44,226.01,255.29,20171107
38.13,21.48,38.12,24.0,-7.98,131.07,177.43,225.49,255.14,20171108
37.56,21.34,37.54,23.47,-7.9,131.18,177.43,225.36,254.59,20171109
37.39,21.2,37.37,23.34,-7.81,131.29,177.42,225.24,254.44,20171110
37.22,21.07,37.21,23.22,-7.73,131.39,177.41,225.11,254.29,20171111
37.06,20.53,37.04,23.1,-7.65,131.49,177.39,224.59,254.15,20171112
36.5,20.39,36.48,22.58,-7.58,131.58,177.38,224.47,254.0,20171113
36.34,20.26,36.32,22.47,-7.51,132.07,177.36,224.35,253.46,20171114
36.19,20.13,36.17,22.36,-7.4399999999999995,132.16,177.34,224.23,253.32,20171115
36.04,19.59,36.02,22.26,-8.98,132.24,177.31,224.11,253.18,20171116
35.49,19.46,35.47,22.15,-8.92,132.32,177.28,223.59,253.04,20171117
35.34,19.33,35.32,22.06,-8.86,132.4,177.26,223.47,252.5,20171118
35.2,19.2,35.18,21.56,-8.81,132.47,177.22,223.35,252.37,20171119
35.07,19.08,35.04,21.47,-8.76,132.53,177.19,223.23,252.23,20171120
34.53,18.55,34.5,21.39,-8.71,132.59,177.16,223.12,252.1,20171121
34.4,18.43,34.37,21.3,-8.67,133.05,177.12,223.0,251.57,20171122
34.28,18.3,34.24,21.23,-8.63,133.11,177.08,222.49,251.44,20171123
34.15,18.18,34.12,21.15,-8.6,133.16,177.04,222.38,251.32,20171124
34.03,18.07,34.0,21.08,-8.57,133.2,176.59,222.27,251.19,20171125
33.52,17.55,33.48,21.01,-8.54,133.25,176.55,222.16,251.07,20171126
33.41,17.43,33.37,20.55,-8.52,133.28,176.5,222.05,250.56,20171127
33.3,17.32,33.26,20.49,-8.49,133.32,176.45,221.54,250.44,20171128
33.2,17.21,33.15,20.44,-8.48,133.35,176.4,221.43,250.33,20171129
33.1,17.1,33.05,20.38,-8.46,133.38,176.35,221.33,250.22,20171130
33.0,17.0,32.56,20.34,-8.45,133.4,176.29,221.23,250.11,20171201
32.51,16.49,32.46,20.29,-8.45,133.42,176.24,221.12,250.0,20171202
32.43,16.39,32.37,20.26,-8.44,133.43,176.18,221.02,249.5,20171203
32.34,16.29,32.29,20.22,-8.44,133.44,176.12,220.52,249.4,20171204
32.26,16.2,32.21,20.19,-8.45,133.45,176.06,220.43,249.3,20171205
32.19,16.1,32.13,20.16,-8.46,133.45,175.59,220.33,249.21,20171206
32.12,16.01,32.06,20.14,-8.47,133.45,175.53,220.24,249.12,20171207
32.06,15.52,31.59,20.12,-8.48,133.45,175.46,220.15,249.03,20171208
32.0,15.44,31.52,20.11,-8.5,133.44,175.4,220.06,248.54,20171209
31.54,15.35,31.46,20.1,-8.52,133.43,175.33,219.57,248.46,20171210
31.49,15.27,31.41,20.09,-8.54,133.41,175.26,219.48,248.38,20171211
31.44,15.2,31.36,20.09,-8.57,133.39,175.19,219.4,248.31,20171212
31.4,15.12,31.31,20.09,-8.6,133.37,175.12,219.32,248.24,20171213
31.36,15.05,31.27,20.1,-8.63,133.34,175.04,219.24,248.17,20171214
31.33,14.58,31.23,20.11,-8.67,133.31,174.57,219.16,248.11,20171215
31.3,14.52,31.2,20.13,-8.71,133.28,174.49,219.08,248.04,20171216
31.28,14.46,31.17,20.14,-8.75,133.24,174.42,219.01,247.59,20171217
31.26,14.4,31.14,20.17,-8.8,133.2,174.34,218.54,247.53,20171218
31.24,14.34,31.12,20.19,-8.85,133.16,174.26,218.47,247.48,20171219
31.23,14.29,31.11,20.22,-8.9,133.11,174.18,218.41,247.44,20171220
31.23,14.24,31.09,20.26,-8.95,133.06,174.1,218.34,247.39,20171221
31.23,14.19,31.09,20.3,-7.41,133.01,174.02,218.28,247.36,20171222
31.23,14.15,31.09,20.34,-7.47,132.55,173.54,218.22,247.32,20171223
31.24,14.11,31.09,20.38,-7.53,132.5,173.46,218.17,247.29,20171224
31.26,14.08,31.1,20.43,-7.6,132.43,173.38,218.12,247.26,20171225
31.28,14.05,31.11,20.49,-7.67,132.37,173.3,218.07,247.24,20171226
31.3,14.02,31.12,20.54,-7.73,132.3,173.22,218.02,247.22,20171227
31.33,14.0,31.14,21.01,-7.81,132.23,173.14,217.58,247.21,20171228
31.36,13.58,31.17,21.07,-7.88,132.15,173.06,217.53,247.2,20171229
31.4,13.56,31.2,21.14,-7.96,132.08,172.57,217.5,247.19,20171230
31.44,13.55,31.23,21.21,-6.4399999999999995,132.0,172.49,217.46,247.19,20171231
31.49,13.54,31.27,21.28,-6.51,131.52,172.41,217.43,247.19,20180101
31.54,13.54,31.32,21.36,-6.6,131.44,172.33,217.41,247.2,20180102
31.59,13.54,31.37,21.44,-6.68,131.35,172.25,217.38,247.21,20180103
32.05,13.54,31.42,21.53,-6.77,131.26,172.17,217.36,247.22,20180104
32.12,13.55,31.47,22.02,-6.86,131.17,172.09,217.34,247.24,20180105
32.19,13.56,31.54,22.11,-6.95,131.07,172.0,217.33,247.26,20180106
32.26,13.57,32.0,22.2,-5.4399999999999995,130.58,171.52,217.32,247.29,20180107
32.34,13.59,32.07,22.3,-5.53,130.48,171.44,217.31,247.32,20180108
32.42,14.01,32.15,22.4,-5.63,130.38,171.36,217.3,247.35,20180109
32.51,14.04,32.22,22.51,-5.73,130.27,171.28,217.3,247.39,20180110
33.0,14.07,32.31,23.01,-5.82,130.17,171.2,217.3,247.44,20180111
33.1,14.1,32.39,23.12,-5.92,130.06,171.12,217.31,247.48,20180112
33.2,14.14,32.48,23.24,-4.43,129.55,171.04,217.32,247.53,20180113
33.3,14.18,32.58,23.35,-4.53,129.44,170.56,217.33,247.59,20180114
33.41,14.22,33.08,23.47,-4.63,129.33,170.49,217.35,248.05,20180115
33.52,14.27,33.18,23.59,-4.74,129.21,170.41,217.37,248.11,20180116
34.03,14.32,33.29,24.12,-4.85,129.09,170.33,217.39,248.18,20180117
34.15,14.38,33.4,24.24,-4.95,128.58,170.26,217.42,248.25,20180118
34.28,14.44,33.52,24.37,-3.46,128.45,170.18,217.45,248.33,20180119
34.41,14.5,34.04,24.5,-3.57,128.33,170.11,217.49,248.41,20180120
34.54,14.57,34.16,25.03,-3.68,128.21,170.04,217.53,248.49,20180121
35.07,15.04,34.29,25.17,-3.79,128.08,169.57,217.57,248.58,20180122
35.21,15.12,34.42,25.31,-3.9,127.56,169.5,218.02,249.07,20180123
35.35,15.2,34.56,25.45,-2.42,127.43,169.43,218.07,249.16,20180124
35.5,15.28,35.1,25.59,-2.53,127.3,169.36,218.12,249.26,20180125
36.05,15.36,35.24,26.13,-2.64,127.17,169.29,218.18,249.37,20180126
36.2,15.45,35.38,26.28,-2.76,127.04,169.22,218.25,249.47,20180127
36.36,15.55,35.53,26.42,-2.87,126.51,169.16,218.31,249.58,20180128
36.52,16.04,36.09,26.57,-2.99,126.37,169.1,218.39,250.1,20180129
37.08,16.14,36.24,27.12,-1.5,126.24,169.03,218.46,250.22,20180130
37.24,16.25,36.4,27.27,-1.62,126.1,168.57,218.54,250.34,20180131
37.41,16.36,36.56,27.43,-1.73,125.57,168.51,219.02,250.46,20180201
37.59,16.47,37.13,27.58,-1.85,125.43,168.45,219.11,250.59,20180202
38.16,16.58,37.3,28.14,-1.97,125.29,168.4,219.2,251.13,20180203
38.34,17.1,37.47,28.3,-0.48,125.15,168.34,219.3,251.26,20180204
38.52,17.22,38.05,28.45,-0.6,125.01,168.29,219.4,251.4,20180205
39.1,17.34,38.23,29.01,-0.72,124.47,168.23,219.5,251.54,20180206
39.29,17.47,38.41,29.17,-0.83,124.32,168.18,220.01,252.09,20180207
39.48,18.0,38.59,29.34,-0.95,124.18,168.13,220.12,252.24,20180208
40.07,18.13,39.18,29.5,0.53,124.04,168.08,220.24,252.39,20180209
40.26,18.26,39.37,30.06,0.42,123.49,168.03,220.36,252.54,20180210
40.46,18.4,39.56,30.23,0.3,123.34,167.59,220.48,253.1,20180211
41.05,18.54,40.16,30.39,0.18,123.2,167.54,221.01,253.26,20180212
41.25,19.09,40.36,30.56,0.06,123.05,167.5,221.14,253.42,20180213
41.46,19.23,40.56,31.13,0.05,122.5,167.46,221.27,253.59,20180214
42.06,19.38,41.16,31.29,0.17,122.35,167.41,221.41,254.16,20180215
42.27,19.53,41.36,31.46,0.29,122.2,167.37,221.56,254.33,20180216
42.48,20.09,41.57,32.03,0.4,122.05,167.34,222.1,254.51,20180217
43.09,20.24,42.18,32.2,0.52,121.5,167.3,222.26,255.08,20180218
43.3,20.4,42.39,32.37,1.03,121.35,167.26,222.41,255.26,20180219
43.52,20.56,43.0,32.53,1.15,121.2,167.23,222.57,255.44,20180220
44.13,21.12,43.22,33.1,1.26,121.05,167.2,223.13,256.03,20180221
44.35,21.29,43.44,33.27,1.38,120.49,167.17,223.3,256.22,20180222
44.57,21.46,44.06,33.44,1.49,120.34,167.14,223.47,256.4,20180223
45.19,22.03,44.28,34.01,2.0,120.18,167.11,224.04,257.0,20180224
45.41,22.2,44.5,34.18,2.12,120.03,167.08,224.22,257.19,20180225
46.03,22.37,45.12,34.35,2.23,119.47,167.06,224.4,257.38,20180226
46.26,22.54,45.35,34.51,2.34,119.32,167.03,224.58,257.58,20180227
46.49,23.12,45.58,35.08,2.45,119.16,167.01,225.17,258.18,20180228
47.11,23.3,46.2,35.25,2.56,119.0,166.59,225.36,258.38,20180301
47.34,23.48,46.43,35.41,3.07,118.45,166.57,225.56,258.58,20180302
47.57,24.06,47.06,35.58,3.18,118.29,166.55,226.16,259.19,20180303
48.2,24.24,47.3,36.15,3.29,118.13,166.54,226.36,259.39,20180304
48.43,24.42,47.53,36.31,3.4,117.57,166.52,226.56,260.0,20180305
49.06,25.0,48.16,36.48,3.51,117.41,166.5,227.17,260.21,20180306
49.3,25.19,48.4,37.04,4.02,117.25,166.49,227.38,260.42,20180307
49.53,25.38,49.04,37.21,4.13,117.09,166.48,228.0,261.03,20180308
50.16,25.56,49.27,37.37,4.23,116.52,166.47,228.22,261.24,20180309
50.4,26.15,49.51,37.53,4.34,116.36,166.46,228.44,261.46,20180310
51.03,26.34,50.15,38.09,4.45,116.2,166.45,229.06,262.07,20180311
51.27,26.53,50.39,38.25,4.55,116.03,166.44,229.29,262.29,20180312
51.51,27.12,51.03,38.41,5.06,115.47,166.43,229.51,262.5,20180313
52.14,27.31,51.27,38.57,5.16,115.3,166.42,230.15,263.12,20180314
52.38,27.5,51.51,39.13,5.27,115.14,166.42,230.38,263.34,20180315
53.02,28.09,52.15,39.28,5.37,114.57,166.41,231.02,263.55,20180316
53.25,28.28,52.39,39.44,5.47,114.4,166.41,231.25,264.17,20180317
53.49,28.47,53.03,39.59,5.58,114.24,166.4,231.5,264.39,20180318
54.13,29.06,53.27,40.15,6.08,114.07,166.4,232.14,265.01,20180319
54.37,29.25,53.51,40.3,6.18,113.5,166.39,232.38,265.23,20180320
55.0,29.44,54.15,40.45,6.28,113.33,166.39,233.03,265.45,20180321
55.24,30.03,54.4,41.0,6.38,113.15,166.39,233.28,266.07,20180322
55.48,30.22,55.04,41.15,6.48,112.58,166.39,233.53,266.29,20180323
56.11,30.41,55.28,41.3,6.58,112.41,166.39,234.19,266.51,20180324
56.35,31.0,55.52,41.44,7.08,112.24,166.39,234.44,267.13,20180325
56.58,31.18,56.16,41.59,7.18,112.06,166.39,235.1,267.35,20180326
57.22,31.37,56.4,42.13,7.28,111.49,166.39,235.36,267.57,20180327
57.45,31.56,57.04,42.27,7.38,111.31,166.39,236.02,268.19,20180328
58.09,32.15,57.27,42.41,7.48,111.14,166.39,236.28,268.41,20180329
58.32,32.33,57.51,42.55,7.57,110.56,166.39,236.54,269.03,20180330
58.55,32.52,58.15,43.09,8.07,110.38,166.39,237.21,269.25,20180331
59.19,33.1,58.39,43.23,8.16,110.21,166.39,237.47,269.47,20180401
59.42,33.28,59.02,43.36,8.26,110.03,166.39,238.14,270.09,20180402
60.05,33.46,59.26,43.5,8.36,109.45,166.39,238.4,270.3,20180403
60.28,34.04,59.49,44.03,8.45,109.27,166.39,239.07,270.52,20180404
60.51,34.22,60.12,44.16,8.55,109.08,166.39,239.34,271.13,20180405
61.13,34.39,60.35,44.29,9.04,108.5,166.39,240.01,271.35,20180406
61.36,34.57,60.58,44.42,9.13,108.32,166.38,240.27,271.56,20180407
61.58,35.14,61.21,44.54,9.23,108.14,166.38,240.54,272.17,20180408
62.21,35.31,61.44,45.07,9.32,107.55,166.37,241.21,272.38,20180409
62.43,35.48,62.07,45.19,9.41,107.37,166.37,241.48,272.59,20180410
63.05,36.05,62.29,45.32,9.51,107.18,166.36,242.15,273.2,20180411
63.27,36.22,62.51,45.44,10.0,107.0,166.35,242.42,273.4,20180412
63.49,36.38,63.14,45.56,10.09,106.41,166.34,243.08,274.01,20180413
64.11,36.54,63.36,46.07,10.18,106.22,166.33,243.35,274.21,20180414
64.32,37.1,63.57,46.19,10.27,106.04,166.31,244.02,274.41,20180415
64.54,37.26,64.19,46.31,10.36,105.45,166.3,244.28,275.01,20180416
65.15,37.42,64.41,46.42,10.46,105.26,166.28,244.55,275.21,20180417
65.36,37.57,65.02,46.53,10.55,105.07,166.26,245.21,275.41,20180418
65.57,38.12,65.23,47.05,11.04,104.48,166.24,245.47,276.0,20180419
66.17,38.27,65.44,47.16,11.13,104.29,166.22,246.13,276.19,20180420
66.38,38.41,66.05,47.27,11.21,104.1,166.19,246.39,276.38,20180421
66.58,38.55,66.25,47.37,11.3,103.51,166.16,247.05,276.57,20180422
67.18,39.1,66.45,47.48,11.39,103.33,166.13,247.31,277.16,20180423
67.38,39.23,67.05,47.58,11.48,103.14,166.1,247.57,277.34,20180424
67.58,39.37,67.25,48.09,11.57,102.55,166.06,248.22,277.52,20180425
68.17,39.5,67.45,48.19,12.06,102.36,166.02,248.47,278.1,20180426
68.37,40.03,68.04,48.29,12.14,102.17,165.58,249.12,278.28,20180427
68.56,40.16,68.23,48.39,12.23,101.58,165.53,249.37,278.45,20180428
69.14,40.28,68.42,48.49,12.31,101.39,165.48,250.01,279.02,20180429
69.33,40.4,69.01,48.58,12.4,101.2,165.43,250.25,279.19,20180430
69.51,40.52,69.19,49.08,12.49,101.02,165.37,250.49,279.36,20180501
70.09,41.03,69.37,49.17,12.57,100.43,165.31,251.13,279.52,20180502
70.27,41.15,69.55,49.27,13.06,100.25,165.25,251.36,280.08,20180503
70.45,41.25,70.12,49.36,13.14,100.06,165.18,251.59,280.24,20180504
71.02,41.36,70.29,49.45,13.22,99.48,165.11,252.22,280.4,20180505
71.19,41.46,70.46,49.54,13.31,99.29,165.03,252.45,280.55,20180506
71.36,41.56,71.03,50.03,13.39,99.11,164.55,253.07,281.1,20180507
71.52,42.06,71.19,50.11,13.47,98.53,164.46,253.28,281.24,20180508
72.08,42.15,71.35,50.2,13.55,98.35,164.37,253.5,281.39,20180509
72.24,42.24,71.5,50.28,14.03,98.17,164.27,254.11,281.53,20180510
72.4,42.33,72.06,50.37,14.11,98.0,164.17,254.31,282.06,20180511
72.55,42.41,72.21,50.45,14.19,97.42,164.06,254.52,282.2,20180512
73.1,42.49,72.35,50.53,14.27,97.25,163.55,255.11,282.33,20180513
73.25,42.57,72.5,51.01,14.35,97.08,163.43,255.31,282.46,20180514
73.39,43.04,73.03,51.09,14.43,96.51,163.31,255.5,282.58,20180515
73.53,43.11,73.17,51.17,14.51,96.34,163.19,256.08,283.1,20180516
74.07,43.18,73.3,51.25,14.59,96.18,163.05,256.27,283.22,20180517
74.2,43.25,73.43,51.32,15.06,96.01,162.52,256.44,283.33,20180518
74.33,43.31,73.56,51.4,15.14,95.45,162.37,257.01,283.44,20180519
74.46,43.36,74.08,51.47,15.21,95.3,162.23,257.18,283.55,20180520
74.59,43.42,74.19,51.55,15.28,95.14,162.08,257.34,284.05,20180521
75.11,43.47,74.31,52.02,15.36,94.59,161.52,257.5,284.15,20180522
75.22,43.52,74.42,52.09,15.43,94.44,161.36,258.05,284.24,20180523
75.34,43.57,74.52,52.16,15.5,94.3,161.2,258.2,284.34,20180524
75.45,44.01,75.02,52.22,15.57,94.15,161.03,258.34,284.42,20180525
75.55,44.05,75.12,52.29,16.04,94.01,160.46,258.48,284.51,20180526
76.05,44.09,75.22,52.36,16.1,93.48,160.28,259.01,284.59,20180527
76.15,44.12,75.31,52.42,16.17,93.35,160.1,259.14,285.07,20180528
76.25,44.15,75.39,52.48,16.23,93.22,159.52,259.26,285.14,20180529
76.34,44.18,75.47,52.54,16.3,93.09,159.34,259.37,285.21,20180530
76.43,44.2,75.55,53.01,16.36,92.57,159.15,259.48,285.28,20180531
76.51,44.22,76.02,53.06,16.42,92.45,158.56,259.59,285.34,20180601
76.59,44.24,76.09,53.12,16.48,92.34,158.37,260.08,285.4,20180602
77.07,44.26,76.16,53.18,16.54,92.23,158.18,260.17,285.45,20180603
77.14,44.27,76.22,53.23,17.0,92.13,157.59,260.26,285.5,20180604
77.21,44.29,76.27,53.29,17.05,92.03,157.39,260.34,285.55,20180605
77.27,44.29,76.33,53.34,17.11,91.53,157.2,260.41,285.59,20180606
77.33,44.3,76.37,53.39,17.16,91.44,157.01,260.48,286.03,20180607
77.39,44.3,76.42,53.44,17.21,91.35,156.42,260.54,286.07,20180608
77.44,44.3,76.46,53.49,17.26,91.27,156.23,261.0,286.1,20180609
77.49,44.3,76.49,53.54,17.31,91.19,156.04,261.05,286.12,20180610
77.53,44.3,76.52,53.58,17.36,91.11,155.46,261.09,286.15,20180611
77.57,44.29,76.55,54.03,17.4,91.04,155.27,261.13,286.17,20180612
78.01,44.28,76.57,54.07,17.45,90.58,155.1,261.16,286.18,20180613
78.04,44.27,76.59,54.11,17.49,90.52,154.52,261.18,286.2,20180614
78.07,44.26,77.01,54.15,17.53,90.47,154.35,261.2,286.2,20180615
78.09,44.24,77.02,54.19,17.56,90.42,154.19,261.21,286.21,20180616
78.11,44.23,77.03,54.22,18.0,90.37,154.03,261.21,286.21,20180617
78.13,44.21,77.03,54.26,18.03,90.33,153.48,261.21,286.21,20180618
78.14,44.19,77.03,54.29,18.06,90.3,153.34,261.2,286.2,20180619
78.15,44.16,77.02,54.32,18.09,90.27,153.2,261.19,286.19,20180620
78.15,44.14,77.01,54.35,18.12,90.25,153.07,261.17,286.17,20180621
78.15,44.11,77.0,54.37,18.14,90.23,152.55,261.14,286.16,20180622
78.15,44.08,76.58,54.4,18.17,90.21,152.44,261.11,286.13,20180623
78.14,44.05,76.56,54.42,18.19,90.21,152.34,261.07,286.11,20180624
78.12,44.02,76.54,54.44,18.2,90.2,152.25,261.03,286.08,20180625
78.11,43.59,76.51,54.45,18.22,90.21,152.16,260.58,286.05,20180626
78.09,43.55,76.48,54.47,18.23,90.21,152.09,260.52,286.01,20180627
78.06,43.52,76.44,54.48,18.24,90.23,152.02,260.46,285.57,20180628
78.03,43.48,76.41,54.49,18.25,90.25,151.56,260.39,285.53,20180629
78.0,43.44,76.36,54.5,18.25,90.27,151.52,260.31,285.48,20180630
77.56,43.4,76.32,54.5,18.26,90.3,151.48,260.23,285.43,20180701
77.52,43.35,76.27,54.5,18.26,90.33,151.45,260.14,285.38,20180702
77.47,43.31,76.22,54.5,18.26,90.37,151.44,260.05,285.32,20180703
77.42,43.27,76.16,54.5,18.25,90.41,151.43,259.56,285.27,20180704
77.37,43.22,76.1,54.5,18.24,90.46,151.43,259.45,285.2,20180705
77.31,43.17,76.04,54.49,18.23,90.52,151.44,259.34,285.14,20180706
77.25,43.12,75.57,54.48,18.22,90.58,151.46,259.23,285.07,20180707
77.18,43.07,75.51,54.46,18.2,91.04,151.49,259.11,285.0,20180708
77.11,43.02,75.43,54.45,18.18,91.11,151.53,258.59,284.52,20180709
77.04,42.57,75.36,54.43,18.16,91.19,151.58,258.46,284.44,20180710
76.56,42.52,75.28,54.41,18.14,91.27,152.04,258.33,284.36,20180711
76.48,42.46,75.2,54.38,18.11,91.35,152.1,258.19,284.28,20180712
76.39,42.41,75.11,54.35,18.08,91.44,152.18,258.05,284.19,20180713
76.31,42.35,75.03,54.32,18.05,91.54,152.26,257.5,284.1,20180714
76.21,42.29,74.54,54.29,18.01,92.04,152.35,257.35,284.01,20180715
76.12,42.23,74.44,54.25,17.57,92.14,152.45,257.2,283.52,20180716
76.02,42.18,74.35,54.21,17.53,92.25,152.55,257.04,283.42,20180717
75.52,42.12,74.25,54.16,17.49,92.36,153.07,256.48,283.32,20180718
75.41,42.05,74.15,54.12,17.44,92.48,153.19,256.31,283.22,20180719
75.3,41.59,74.04,54.07,17.39,93.01,153.32,256.14,283.12,20180720
75.18,41.53,73.53,54.01,17.33,93.13,153.45,255.57,283.01,20180721
75.07,41.47,73.42,53.55,17.28,93.26,153.59,255.4,282.5,20180722
74.55,41.4,73.31,53.49,17.22,93.4,154.14,255.22,282.39,20180723
74.42,41.34,73.19,53.43,17.15,93.54,154.29,255.04,282.28,20180724
74.3,41.27,73.07,53.36,17.09,94.09,154.45,254.46,282.16,20180725
74.17,41.21,72.55,53.29,17.02,94.24,155.01,254.27,282.05,20180726
74.03,41.14,72.43,53.22,16.55,94.39,155.18,254.09,281.53,20180727
73.49,41.07,72.3,53.14,16.47,94.55,155.35,253.5,281.41,20180728
73.35,41.01,72.17,53.06,16.39,95.11,155.52,253.31,281.29,20180729
73.21,40.54,72.04,52.57,16.31,95.27,156.1,253.12,281.16,20180730
73.07,40.47,71.5,52.48,16.23,95.44,156.28,252.52,281.04,20180731
72.52,40.4,71.37,52.39,16.14,96.02,156.47,252.33,280.51,20180801
72.36,40.33,71.23,52.29,16.05,96.19,157.06,252.13,280.38,20180802
72.21,40.25,71.08,52.2,15.56,96.37,157.25,251.53,280.25,20180803
72.05,40.18,70.54,52.09,15.46,96.56,157.44,251.33,280.12,20180804
71.49,40.11,70.39,51.59,15.36,97.15,158.04,251.14,279.59,20180805
71.33,40.03,70.24,51.48,15.26,97.34,158.24,250.54,279.45,20180806
71.16,39.56,70.09,51.37,15.15,97.53,158.44,250.34,279.31,20180807
70.59,39.48,69.53,51.25,15.05,98.13,159.04,250.14,279.18,20180808
70.42,39.41,69.38,51.13,14.54,98.33,159.24,249.53,279.04,20180809
70.25,39.33,69.22,51.01,14.43,98.53,159.44,249.33,278.5,20180810
70.07,39.25,69.05,50.49,14.31,99.14,160.05,249.13,278.36,20180811
69.49,39.17,68.49,50.36,14.19,99.35,160.25,248.53,278.22,20180812
69.31,39.09,68.32,50.23,14.07,99.56,160.46,248.33,278.07,20180813
69.13,39.01,68.15,50.09,13.55,100.17,161.06,248.13,277.53,20180814
68.54,38.53,67.58,49.56,13.42,100.39,161.27,247.53,277.39,20180815
68.35,38.45,67.41,49.41,13.29,101.01,161.47,247.33,277.24,20180816
68.16,38.37,67.23,49.27,13.16,101.24,162.08,247.13,277.09,20180817
67.57,38.29,67.05,49.12,13.03,101.46,162.29,246.54,276.55,20180818
67.38,38.2,66.47,48.57,12.49,102.09,162.49,246.34,276.4,20180819
67.18,38.12,66.29,48.42,12.36,102.32,163.1,246.14,276.25,20180820
66.58,38.03,66.11,48.27,12.22,102.55,163.3,245.55,276.1,20180821
66.38,37.54,65.52,48.11,12.07,103.18,163.5,245.35,275.55,20180822
66.18,37.46,65.33,47.55,11.53,103.42,164.11,245.16,275.4,20180823
65.58,37.37,65.14,47.39,11.38,104.05,164.31,244.57,275.25,20180824
65.37,37.28,64.55,47.22,11.23,104.29,164.51,244.38,275.1,20180825
65.16,37.19,64.36,47.05,11.08,104.53,165.11,244.19,274.55,20180826
64.55,37.1,64.16,46.48,10.53,105.18,165.3,244.0,274.4,20180827
64.34,37.01,63.57,46.31,10.38,105.42,165.5,243.42,274.24,20180828
64.13,36.51,63.37,46.13,10.22,106.06,166.09,243.23,274.09,20180829
63.52,36.42,63.17,45.56,10.06,106.31,166.29,243.05,273.54,20180830
63.3,36.33,62.56,45.38,9.5,106.56,166.48,242.46,273.38,20180831
63.09,36.23,62.36,45.19,9.34,107.2,167.07,242.28,273.23,20180901
62.47,36.13,62.15,45.01,9.18,107.45,167.25,242.1,273.07,20180902
62.25,36.03,61.55,44.43,9.01,108.1,167.44,241.52,272.52,20180903
62.03,35.53,61.34,44.24,8.45,108.35,168.02,241.34,272.36,20180904
61.41,35.43,61.13,44.05,8.28,109.0,168.2,241.17,272.21,20180905
61.18,35.33,60.52,43.46,8.11,109.26,168.37,240.59,272.05,20180906
60.56,35.23,60.3,43.27,7.54,109.51,168.55,240.42,271.49,20180907
60.33,35.13,60.09,43.07,7.37,110.16,169.12,240.25,271.33,20180908
60.11,35.02,59.47,42.48,7.2,110.41,169.29,240.08,271.18,20180909
59.48,34.52,59.26,42.28,7.03,111.06,169.46,239.51,271.02,20180910
59.25,34.41,59.04,42.08,6.46,111.32,170.02,239.34,270.46,20180911
59.03,34.3,58.42,41.48,6.28,111.57,170.19,239.17,270.3,20180912
58.4,34.19,58.2,41.28,6.11,112.22,170.35,239.01,270.14,20180913
58.17,34.08,57.58,41.08,5.53,112.47,170.5,238.44,269.59,20180914
57.54,33.57,57.36,40.48,5.36,113.13,171.06,238.28,269.43,20180915
57.31,33.46,57.14,40.28,5.18,113.38,171.21,238.12,269.27,20180916
57.07,33.34,56.51,40.07,5.0,114.03,171.36,237.56,269.11,20180917
56.44,33.23,56.29,39.47,4.43,114.28,171.51,237.4,268.55,20180918
56.21,33.11,56.06,39.26,4.25,114.53,172.05,237.24,268.39,20180919
55.58,33.0,55.44,39.06,4.07,115.18,172.19,237.08,268.23,20180920
55.34,32.48,55.21,38.45,3.49,115.42,172.33,236.53,268.07,20180921
55.11,32.36,54.59,38.25,3.31,116.07,172.46,236.37,267.51,20180922
54.48,32.24,54.36,38.04,3.14,116.32,173.0,236.22,267.35,20180923
54.24,32.12,54.13,37.43,2.56,116.56,173.13,236.07,267.19,20180924
54.01,32.0,53.5,37.23,2.38,117.2,173.25,235.52,267.03,20180925
53.38,31.47,53.28,37.02,2.2,117.44,173.38,235.37,266.47,20180926
53.14,31.35,53.05,36.41,2.03,118.08,173.5,235.22,266.31,20180927
52.51,31.23,52.42,36.2,1.45,118.32,174.01,235.07,266.14,20180928
52.28,31.1,52.19,36.0,1.27,118.56,174.13,234.52,265.58,20180929
52.04,30.57,51.56,35.39,1.1,119.2,174.24,234.38,265.42,20180930
51.41,30.44,51.34,35.18,0.52,119.43,174.35,234.23,265.26,20181001
51.18,30.31,51.11,34.58,0.35000000000000003,120.06,174.45,234.09,265.1,20181002
50.55,30.18,50.48,34.37,0.18,120.29,174.56,233.54,264.54,20181003
50.32,30.05,50.25,34.17,0.01,120.52,175.06,233.4,264.37,20181004
50.08,29.52,50.02,33.57,0.16,121.14,175.15,233.26,264.21,20181005
49.45,29.39,49.4,33.36,0.33,121.36,175.24,233.11,264.05,20181006
49.22,29.25,49.17,33.16,0.5,121.58,175.33,232.57,263.49,20181007
48.59,29.12,48.54,32.56,-0.9299999999999999,122.2,175.42,232.43,263.32,20181008
48.37,28.58,48.32,32.36,-0.77,122.42,175.5,232.29,263.16,20181009
48.14,28.44,48.09,32.16,-0.6,123.03,175.59,232.15,263.0,20181010
47.51,28.3,47.47,31.56,-0.43999999999999995,123.24,176.06,232.01,262.43,20181011
47.29,28.17,47.25,31.37,-1.88,123.45,176.14,231.47,262.27,20181012
47.06,28.03,47.02,31.17,-1.72,124.06,176.21,231.34,262.11,20181013
46.44,27.49,46.4,30.58,-1.56,124.26,176.28,231.2,261.55,20181014
46.21,27.35,46.18,30.39,-1.4100000000000001,124.46,176.34,231.06,261.38,20181015
45.59,27.21,45.56,30.19,-2.85,125.05,176.41,230.53,261.22,20181016
45.37,27.07,45.34,30.01,-2.7,125.25,176.47,230.39,261.06,20181017
45.15,26.52,45.13,29.42,-2.55,125.44,176.52,230.26,260.5,20181018
44.54,26.38,44.51,29.23,-4.0,126.03,176.58,230.12,260.33,20181019
44.32,26.24,44.29,29.05,-3.86,126.21,177.03,229.59,260.17,20181020
44.11,26.1,44.08,28.47,-3.7199999999999998,126.39,177.08,229.45,260.01,20181021
43.49,25.55,43.47,28.29,-3.57,126.57,177.12,229.32,259.45,20181022
43.28,25.41,43.26,28.11,-3.44,127.14,177.16,229.19,259.29,20181023
43.07,25.27,43.05,27.54,-4.9,127.31,177.2,229.05,259.13,20181024
42.46,25.12,42.44,27.36,-4.77,127.48,177.24,228.52,258.57,20181025
42.26,24.58,42.24,27.19,-4.64,128.05,177.27,228.39,258.41,20181026
42.05,24.44,42.03,27.03,-4.51,128.21,177.3,228.26,258.25,20181027
41.45,24.29,41.43,26.46,-5.98,128.36,177.33,228.13,258.09,20181028
41.25,24.15,41.23,26.3,-5.86,128.52,177.35,228.0,257.53,20181029
41.05,24.0,41.04,26.14,-5.74,129.07,177.37,227.47,257.37,20181030
40.46,23.46,40.44,25.58,-5.62,129.21,177.39,227.34,257.21,20181031
40.26,23.32,40.25,25.43,-5.51,129.36,177.41,227.21,257.06,20181101
40.07,23.17,40.06,25.27,-7.0,129.49,177.42,227.08,256.5,20181102
39.48,23.03,39.47,25.12,-6.89,130.03,177.43,226.56,256.34,20181103
39.3,22.49,39.28,24.58,-6.79,130.16,177.44,226.43,256.19,20181104
39.11,22.35,39.1,24.44,-6.69,130.29,177.44,226.3,256.04,20181105
38.53,22.2,38.52,24.3,-6.59,130.41,177.45,226.17,255.48,20181106
38.35,22.06,38.34,24.16,-6.49,130.53,177.45,226.05,255.33,20181107
38.18,21.52,38.16,24.03,-8.0,131.05,177.44,225.52,255.18,20181108
38.0,21.38,37.59,23.5,-7.91,131.16,177.44,225.4,255.03,20181109
37.43,21.24,37.42,23.37,-7.83,131.26,177.43,225.27,254.48,20181110
37.27,21.1,37.25,23.25,-7.75,131.37,177.42,225.15,254.33,20181111
37.1,20.57,37.08,23.13,-7.67,131.47,177.4,225.02,254.18,20181112
36.54,20.43,36.52,23.01,-7.59,131.56,177.39,224.5,254.04,20181113
36.38,20.3,36.36,22.5,-7.52,132.05,177.37,224.38,253.5,20181114
36.23,20.16,36.21,22.39,-7.45,132.14,177.35,224.26,253.35,20181115
36.07,20.03,36.05,22.28,-8.99,132.23,177.32,224.14,253.21,20181116
35.53,19.5,35.5,22.18,-8.93,132.31,177.3,224.02,253.07,20181117
35.38,19.37,35.36,22.08,-8.87,132.38,177.27,223.5,252.54,20181118
35.24,19.24,35.21,21.58,-8.82,132.45,177.24,223.38,252.4,20181119
35.1,19.11,35.08,21.49,-8.77,132.52,177.21,223.27,252.27,20181120
34.57,18.59,34.54,21.4,-8.72,132.58,177.17,223.15,252.14,20181121
34.43,18.46,34.41,21.32,-8.68,133.04,177.14,223.04,252.01,20181122
34.31,18.34,34.28,21.24,-8.64,133.1,177.1,222.52,251.48,20181123
34.18,18.22,34.15,21.16,-8.6,133.15,177.06,222.41,251.35,20181124
34.06,18.1,34.03,21.09,-8.57,133.2,177.01,222.3,251.23,20181125
33.55,17.58,33.51,21.02,-8.54,133.24,176.57,222.19,251.11,20181126
33.44,17.47,33.4,20.56,-8.51,133.28,176.52,222.08,250.59,20181127
33.33,17.36,33.29,20.5,-8.49,133.32,176.47,221.57,250.47,20181128
33.22,17.24,33.18,20.44,-8.48,133.35,176.42,221.47,250.36,20181129
33.12,17.14,33.08,20.39,-8.46,133.37,176.37,221.36,250.25,20181130
33.03,17.03,32.58,20.35,-8.45,133.4,176.31,221.26,250.14,20181201
32.54,16.52,32.49,20.3,-8.44,133.42,176.26,221.16,250.03,20181202
32.45,16.42,32.4,20.26,-8.44,133.43,176.2,221.05,249.53,20181203
32.36,16.32,32.31,20.23,-8.44,133.44,176.14,220.55,249.43,20181204
32.29,16.22,32.23,20.2,-8.44,133.45,176.08,220.46,249.33,20181205
32.21,16.13,32.15,20.17,-8.45,133.46,176.02,220.36,249.23,20181206
32.14,16.04,32.08,20.14,-8.46,133.46,175.55,220.27,249.14,20181207
32.07,15.55,32.01,20.13,-8.47,133.45,175.49,220.17,249.05,20181208
32.01,15.46,31.54,20.11,-8.49,133.45,175.42,220.08,248.57,20181209
31.56,15.38,31.48,20.1,-8.51,133.43,175.35,219.59,248.48,20181210
31.5,15.3,31.42,20.09,-8.53,133.42,175.28,219.51,248.41,20181211
31.45,15.22,31.37,20.09,-8.56,133.4,175.21,219.42,248.33,20181212
31.41,15.14,31.32,20.09,-8.59,133.38,175.14,219.34,248.26,20181213
31.37,15.07,31.28,20.1,-8.62,133.35,175.06,219.26,248.19,20181214
31.34,15.0,31.24,20.11,-8.66,133.33,174.59,219.18,248.12,20181215
31.31,14.54,31.2,20.12,-8.7,133.29,174.52,219.11,248.06,20181216
31.28,14.47,31.17,20.14,-8.74,133.26,174.44,219.03,248.0,20181217
31.26,14.41,31.15,20.16,-8.78,133.22,174.36,218.56,247.55,20181218
31.25,14.36,31.13,20.18,-8.83,133.18,174.29,218.49,247.5,20181219
31.24,14.31,31.11,20.21,-8.88,133.13,174.21,218.43,247.45,20181220
31.23,14.26,31.1,20.25,-8.94,133.08,174.13,218.36,247.41,20181221
31.23,14.21,31.09,20.28,-8.99,133.03,174.05,218.3,247.37,20181222
31.23,14.17,31.09,20.33,-7.45,132.57,173.57,218.24,247.33,20181223
31.24,14.13,31.09,20.37,-7.51,132.52,173.49,218.19,247.3,20181224
31.25,14.09,31.1,20.42,-7.58,132.45,173.41,218.13,247.27,20181225
31.27,14.06,31.11,20.47,-7.64,132.39,173.33,218.08,247.25,20181226
31.29,14.03,31.12,20.53,-7.71,132.32,173.25,218.04,247.23,20181227
31.32,14.01,31.14,20.59,-7.78,132.25,173.17,217.59,247.21,20181228
31.35,13.59,31.16,21.05,-7.86,132.18,173.08,217.55,247.2,20181229
31.39,13.57,31.19,21.12,-7.93,132.1,173.0,217.51,247.19,20181230
31.43,13.56,31.23,21.19,-6.41,132.02,172.52,217.48,247.19,20181231
31.47,13.55,31.26,21.26,-6.49,131.54,172.44,217.44,247.19,20190101
31.53,13.54,31.31,21.34,-6.57,131.46,172.35,217.41,247.2,20190102
31.58,13.54,31.35,21.42,-6.66,131.37,172.27,217.39,247.2,20190103
32.04,13.54,31.4,21.51,-6.75,131.28,172.19,217.37,247.22,20190104
32.1,13.54,31.46,21.59,-6.83,131.19,172.11,217.35,247.23,20190105
32.17,13.55,31.52,22.09,-6.93,131.1,172.02,217.33,247.26,20190106
32.24,13.57,31.58,22.18,-5.42,131.0,171.54,217.32,247.28,20190107
32.32,13.58,32.05,22.28,-5.51,130.5,171.46,217.31,247.31,20190108
32.4,14.0,32.13,22.38,-5.61,130.4,171.38,217.3,247.34,20190109
32.49,14.03,32.2,22.48,-5.7,130.3,171.3,217.3,247.38,20190110
32.58,14.06,32.29,22.59,-5.8,130.19,171.22,217.3,247.42,20190111
33.07,14.09,32.37,23.1,-5.9,130.09,171.14,217.31,247.47,20190112
33.17,14.12,32.46,23.21,-6.0,129.58,171.06,217.31,247.52,20190113
33.27,14.17,32.56,23.33,-4.51,129.47,170.58,217.33,247.57,20190114
33.38,14.21,33.05,23.44,-4.61,129.35,170.5,217.34,248.03,20190115
33.49,14.26,33.16,23.56,-4.71,129.24,170.43,217.36,248.1,20190116
34.01,14.31,33.26,24.09,-4.82,129.12,170.35,217.38,248.16,20190117
34.12,14.36,33.38,24.21,-4.93,129.0,170.28,217.41,248.23,20190118
34.25,14.42,33.49,24.34,-3.4299999999999997,128.48,170.2,217.44,248.31,20190119
34.37,14.49,34.01,24.47,-3.54,128.36,170.13,217.48,248.39,20190120
34.5,14.55,34.13,25.0,-3.65,128.24,170.06,217.52,248.47,20190121
35.04,15.02,34.26,25.14,-3.76,128.12,169.58,217.56,248.56,20190122
35.18,15.1,34.39,25.27,-3.88,127.59,169.51,218.01,249.05,20190123
35.32,15.18,34.52,25.41,-3.99,127.46,169.44,218.06,249.14,20190124
35.46,15.26,35.06,25.55,-2.5,127.33,169.38,218.11,249.24,20190125
36.01,15.34,35.2,26.1,-2.61,127.2,169.31,218.17,249.34,20190126
36.16,15.43,35.35,26.24,-2.73,127.07,169.24,218.23,249.45,20190127
36.32,15.53,35.5,26.39,-2.84,126.54,169.18,218.3,249.56,20190128
36.48,16.02,36.05,26.53,-2.96,126.41,169.11,218.37,250.07,20190129
37.04,16.12,36.2,27.08,-1.47,126.27,169.05,218.44,250.19,20190130
37.2,16.22,36.36,27.24,-1.5899999999999999,126.14,168.59,218.52,250.31,20190131
37.37,16.33,36.52,27.39,-1.71,126.0,168.53,219.0,250.43,20190201
37.54,16.44,37.09,27.54,-1.82,125.46,168.47,219.09,250.56,20190202
38.12,16.55,37.26,28.1,-1.94,125.32,168.41,219.18,251.09,20190203
38.29,17.07,37.43,28.26,-0.45999999999999996,125.18,168.35,219.27,251.23,20190204
38.47,17.19,38.01,28.42,-0.5700000000000001,125.04,168.3,219.37,251.36,20190205
39.06,17.31,38.18,28.58,-0.69,124.5,168.24,219.47,251.51,20190206
39.24,17.43,38.36,29.14,-0.81,124.36,168.19,219.58,252.05,20190207
39.43,17.56,38.55,29.3,-0.9299999999999999,124.21,168.14,220.09,252.2,20190208
40.02,18.09,39.13,29.46,0.56,124.07,168.09,220.21,252.35,20190209
40.21,18.23,39.32,30.03,0.44,123.52,168.04,220.32,252.5,20190210
40.41,18.37,39.52,30.19,0.32,123.38,167.59,220.45,253.06,20190211
41.01,18.51,40.11,30.36,0.21,123.23,167.55,220.57,253.22,20190212
41.21,19.05,40.31,30.52,0.09,123.08,167.5,221.1,253.38,20190213
41.41,19.2,40.51,31.09,0.03,122.53,167.46,221.24,253.55,20190214
42.01,19.34,41.11,31.25,0.14,122.39,167.42,221.38,254.12,20190215
42.22,19.49,41.31,31.42,0.26,122.24,167.38,221.52,254.29,20190216
42.43,20.05,41.52,31.59,0.38,122.09,167.34,222.07,254.46,20190217
43.04,20.2,42.13,32.16,0.49,121.54,167.31,222.22,255.04,20190218
43.25,20.36,42.34,32.33,1.01,121.39,167.27,222.37,255.22,20190219
43.46,20.52,42.55,32.49,1.12,121.23,167.24,222.53,255.4,20190220
44.08,21.08,43.17,33.06,1.24,121.08,167.2,223.09,255.58,20190221
44.3,21.25,43.38,33.23,1.35,120.53,167.17,223.26,256.17,20190222
44.52,21.42,44.0,33.4,1.46,120.37,167.14,223.43,256.36,20190223
45.14,21.58,44.22,33.57,1.58,120.22,167.12,224.0,256.55,20190224
45.36,22.15,44.44,34.14,2.09,120.07,167.09,224.17,257.14,20190225
45.58,22.33,45.07,34.3,2.2,119.51,167.06,224.35,257.34,20190226
46.21,22.5,45.29,34.47,2.31,119.35,167.04,224.54,257.53,20190227
46.43,23.08,45.52,35.04,2.43,119.2,167.02,225.13,258.13,20190228
47.06,23.25,46.15,35.21,2.54,119.04,166.59,225.32,258.33,20190301
47.29,23.43,46.38,35.38,3.05,118.48,166.57,225.51,258.53,20190302
47.52,24.01,47.01,35.54,3.16,118.32,166.55,226.11,259.14,20190303
48.15,24.19,47.24,36.11,3.27,118.16,166.54,226.31,259.34,20190304
48.38,24.37,47.47,36.28,3.38,118.0,166.52,226.51,259.55,20190305
49.01,24.56,48.11,36.44,3.49,117.44,166.5,227.12,260.16,20190306
49.24,25.14,48.34,37.01,4.0,117.28,166.49,227.33,260.37,20190307
49.47,25.33,48.58,37.17,4.11,117.12,166.47,227.54,260.58,20190308
50.11,25.51,49.22,37.33,4.21,116.56,166.46,228.16,261.19,20190309
50.34,26.1,49.45,37.49,4.32,116.4,166.45,228.38,261.4,20190310
50.58,26.29,50.09,38.06,4.43,116.23,166.44,229.0,262.02,20190311
51.21,26.48,50.33,38.22,4.53,116.07,166.43,229.23,262.23,20190312
51.45,27.07,50.57,38.38,5.04,115.5,166.42,229.45,262.45,20190313
52.09,27.26,51.21,38.54,5.14,115.34,166.42,230.09,263.06,20190314
52.32,27.45,51.45,39.09,5.25,115.17,166.41,230.32,263.28,20190315
52.56,28.04,52.09,39.25,5.35,115.01,166.4,230.56,263.5,20190316
53.2,28.23,52.33,39.41,5.45,114.44,166.4,231.19,264.12,20190317
53.44,28.42,52.57,39.56,5.5600000000000005,114.27,166.4,231.43,264.34,20190318
54.07,29.01,53.21,40.11,6.06,114.1,166.39,232.08,264.56,20190319
54.31,29.2,53.46,40.27,6.16,113.53,166.39,232.32,265.18,20190320
54.55,29.39,54.1,40.42,6.26,113.36,166.39,232.57,265.4,20190321
55.18,29.58,54.34,40.57,6.36,113.19,166.39,233.22,266.02,20190322
55.42,30.17,54.58,41.12,6.46,113.02,166.39,233.47,266.24,20190323
56.06,30.36,55.22,41.26,6.5600000000000005,112.45,166.39,234.13,266.46,20190324
56.29,30.55,55.46,41.41,7.06,112.28,166.39,234.38,267.08,20190325
56.53,31.14,56.1,41.55,7.16,112.1,166.39,235.04,267.3,20190326
57.16,31.33,56.34,42.1,7.26,111.53,166.39,235.3,267.52,20190327
57.4,31.51,56.58,42.24,7.36,111.35,166.39,235.55,268.14,20190328
58.03,32.1,57.22,42.38,7.45,111.18,166.39,236.22,268.36,20190329
58.27,32.29,57.46,42.52,7.55,111.0,166.39,236.48,268.58,20190330
58.5,32.47,58.09,43.06,8.05,110.42,166.39,237.14,269.2,20190331
59.13,33.05,58.33,43.2,8.14,110.25,166.39,237.41,269.42,20190401
59.36,33.23,58.56,43.33,8.24,110.07,166.39,238.07,270.03,20190402
59.59,33.42,59.2,43.47,8.34,109.49,166.38,238.34,270.25,20190403
60.22,33.59,59.43,44.0,8.43,109.31,166.38,239.0,270.47,20190404
60.45,34.17,60.07,44.13,8.53,109.12,166.38,239.27,271.08,20190405
61.08,34.35,60.3,44.26,9.02,108.54,166.38,239.54,271.29,20190406
61.31,34.52,60.53,44.39,9.12,108.36,166.37,240.21,271.51,20190407
61.53,35.1,61.16,44.52,9.21,108.18,166.37,240.47,272.12,20190408
62.16,35.27,61.39,45.04,9.3,107.59,166.36,241.14,272.33,20190409
62.38,35.44,62.01,45.17,9.4,107.41,166.36,241.41,272.54,20190410
63.0,36.01,62.24,45.29,9.49,107.22,166.35,242.08,273.15,20190411
63.22,36.17,62.46,45.41,9.58,107.04,166.34,242.35,273.35,20190412
63.44,36.34,63.08,45.53,10.07,106.45,166.33,243.02,273.56,20190413
64.06,36.5,63.3,46.05,10.17,106.26,166.32,243.28,274.16,20190414
64.27,37.06,63.52,46.17,10.26,106.08,166.31,243.55,274.36,20190415
64.49,37.22,64.14,46.28,10.35,105.49,166.29,244.22,274.56,20190416
65.1,37.38,64.36,46.4,10.44,105.3,166.28,244.48,275.16,20190417
65.31,37.53,64.57,46.51,10.53,105.11,166.26,245.15,275.36,20190418
65.52,38.08,65.18,47.02,11.02,104.52,166.24,245.41,275.55,20190419
66.13,38.23,65.39,47.13,11.11,104.34,166.22,246.07,276.15,20190420
66.33,38.38,66.0,47.24,11.2,104.15,166.19,246.33,276.34,20190421
66.53,38.52,66.2,47.35,11.28,103.56,166.16,246.59,276.53,20190422
67.14,39.06,66.41,47.46,11.37,103.37,166.13,247.25,277.11,20190423
67.34,39.2,67.01,47.56,11.46,103.18,166.1,247.5,277.3,20190424
67.53,39.33,67.21,48.06,11.55,102.59,166.07,248.16,277.48,20190425
68.13,39.47,67.4,48.17,12.04,102.4,166.03,248.41,278.06,20190426
68.32,40.0,68.0,48.27,12.12,102.21,165.58,249.06,278.23,20190427
68.51,40.12,68.19,48.37,12.21,102.02,165.54,249.31,278.41,20190428
69.1,40.25,68.38,48.47,12.3,101.44,165.49,249.55,278.58,20190429
69.29,40.37,68.56,48.56,12.38,101.25,165.44,250.19,279.15,20190430
69.47,40.49,69.15,49.06,12.47,101.06,165.38,250.43,279.32,20190501
70.05,41.0,69.33,49.15,12.55,100.47,165.32,251.07,279.48,20190502
70.23,41.12,69.5,49.25,13.04,100.29,165.25,251.3,280.04,20190503
70.41,41.23,70.08,49.34,13.12,100.1,165.18,251.54,280.2,20190504
70.58,41.33,70.25,49.43,13.21,99.52,165.11,252.16,280.36,20190505
71.15,41.44,70.42,49.52,13.29,99.33,165.03,252.39,280.51,20190506
71.32,41.54,70.59,50.01,13.37,99.15,164.55,253.01,281.06,20190507
71.48,42.03,71.15,50.1,13.46,98.57,164.46,253.23,281.21,20190508
72.05,42.13,71.31,50.18,13.54,98.39,164.37,253.44,281.35,20190509
72.21,42.22,71.47,50.27,14.02,98.21,164.28,254.05,281.49,20190510
72.36,42.3,72.02,50.35,14.1,98.03,164.18,254.26,282.03,20190511
72.52,42.39,72.17,50.44,14.18,97.46,164.07,254.47,282.16,20190512
73.07,42.47,72.32,50.52,14.26,97.29,163.56,255.06,282.3,20190513
73.21,42.55,72.46,51.0,14.34,97.11,163.45,255.26,282.42,20190514
73.36,43.02,73.0,51.08,14.42,96.55,163.33,255.45,282.55,20190515
73.5,43.09,73.14,51.16,14.49,96.38,163.2,256.04,283.07,20190516
74.04,43.16,73.27,51.23,14.57,96.21,163.07,256.22,283.19,20190517
74.17,43.23,73.4,51.31,15.05,96.05,162.54,256.4,283.3,20190518
74.3,43.29,73.53,51.38,15.12,95.49,162.4,256.57,283.41,20190519
74.43,43.35,74.05,51.46,15.2,95.33,162.25,257.14,283.52,20190520
74.56,43.41,74.17,51.53,15.27,95.18,162.11,257.3,284.02,20190521
75.08,43.46,74.28,52.0,15.34,95.03,161.55,257.46,284.12,20190522
75.2,43.51,74.39,52.07,15.41,94.48,161.39,258.02,284.22,20190523
75.31,43.55,74.5,52.14,15.48,94.33,161.23,258.17,284.31,20190524
75.42,44.0,75.0,52.21,15.55,94.19,161.06,258.31,284.4,20190525
75.53,44.04,75.1,52.28,16.02,94.05,160.49,258.45,284.49,20190526
76.03,44.08,75.19,52.34,16.09,93.51,160.32,258.58,284.57,20190527
76.13,44.11,75.28,52.41,16.16,93.38,160.14,259.11,285.05,20190528
76.23,44.14,75.37,52.47,16.22,93.25,159.56,259.23,285.12,20190529
76.32,44.17,75.45,52.53,16.29,93.12,159.37,259.34,285.19,20190530
76.41,44.19,75.53,52.59,16.35,93.0,159.18,259.45,285.26,20190531
76.49,44.22,76.01,53.05,16.41,92.48,158.59,259.56,285.32,20190601
76.57,44.24,76.08,53.11,16.47,92.36,158.4,260.06,285.38,20190602
77.05,44.25,76.14,53.17,16.53,92.25,158.21,260.15,285.44,20190603
77.12,44.27,76.2,53.23,16.59,92.15,158.02,260.24,285.49,20190604
77.19,44.28,76.26,53.28,17.05,92.05,157.42,260.32,285.54,20190605
77.26,44.29,76.31,53.33,17.1,91.55,157.23,260.39,285.58,20190606
77.32,44.3,76.36,53.39,17.15,91.45,157.03,260.46,286.02,20190607
77.38,44.3,76.41,53.44,17.21,91.37,156.44,260.53,286.06,20190608
77.43,44.3,76.45,53.48,17.26,91.28,156.25,260.58,286.09,20190609
77.48,44.3,76.48,53.53,17.3,91.2,156.06,261.03,286.12,20190610
77.52,44.3,76.52,53.58,17.35,91.13,155.48,261.08,286.14,20190611
77.57,44.29,76.54,54.02,17.4,91.06,155.3,261.12,286.16,20190612
78.0,44.28,76.57,54.06,17.44,90.59,155.12,261.15,286.18,20190613
78.04,44.27,76.59,54.1,17.48,90.53,154.55,261.17,286.19,20190614
78.07,44.26,77.0,54.14,17.52,90.48,154.38,261.19,286.2,20190615
78.09,44.25,77.02,54.18,17.56,90.43,154.22,261.21,286.21,20190616
78.11,44.23,77.02,54.22,17.59,90.38,154.06,261.21,286.21,20190617
78.13,44.21,77.03,54.25,18.03,90.34,153.51,261.21,286.21,20190618
78.14,44.19,77.03,54.28,18.06,90.31,153.37,261.21,286.2,20190619
78.15,44.17,77.02,54.31,18.09,90.28,153.23,261.19,286.19,20190620
78.15,44.14,77.02,54.34,18.11,90.25,153.1,261.17,286.18,20190621
78.15,44.12,77.0,54.37,18.14,90.23,152.58,261.15,286.16,20190622
78.15,44.09,76.59,54.39,18.16,90.22,152.46,261.12,286.14,20190623
78.14,44.06,76.57,54.41,18.18,90.21,152.36,261.08,286.11,20190624
78.13,44.03,76.54,54.43,18.2,90.2,152.26,261.04,286.09,20190625
78.11,43.59,76.52,54.45,18.22,90.2,152.18,260.59,286.05,20190626
78.09,43.56,76.49,54.47,18.23,90.21,152.1,260.53,286.02,20190627
78.07,43.52,76.45,54.48,18.24,90.22,152.03,260.47,285.58,20190628
78.04,43.49,76.42,54.49,18.25,90.24,151.57,260.4,285.54,20190629
78.0,43.45,76.37,54.5,18.26,90.26,151.52,260.33,285.49,20190630
77.57,43.4,76.33,54.5,18.26,90.29,151.48,260.25,285.44,20190701
77.53,43.36,76.28,54.51,18.26,90.32,151.45,260.16,285.39,20190702
77.48,43.32,76.23,54.51,18.26,90.36,151.43,260.07,285.34,20190703
77.43,43.27,76.17,54.51,18.26,90.4,151.41,259.58,285.28,20190704
77.38,43.23,76.12,54.5,18.25,90.45,151.41,259.47,285.22,20190705
77.32,43.18,76.05,54.5,18.24,90.5,151.42,259.37,285.15,20190706
77.26,43.13,75.59,54.49,18.23,90.56,151.44,259.26,285.08,20190707
77.2,43.08,75.52,54.47,18.21,91.02,151.47,259.14,285.01,20190708
77.13,43.03,75.45,54.46,18.19,91.09,151.51,259.02,284.54,20190709
77.06,42.58,75.38,54.44,18.17,91.17,151.55,258.49,284.46,20190710
76.58,42.53,75.3,54.42,18.15,91.25,152.01,258.36,284.38,20190711
76.5,42.47,75.22,54.39,18.12,91.33,152.07,258.22,284.3,20190712
76.42,42.42,75.13,54.36,18.09,91.42,152.15,258.08,284.21,20190713
76.33,42.36,75.05,54.33,18.06,91.51,152.23,257.53,284.12,20190714
76.24,42.3,74.56,54.3,18.02,92.01,152.32,257.39,284.03,20190715
76.14,42.25,74.46,54.26,17.58,92.11,152.42,257.23,283.54,20190716
76.04,42.19,74.37,54.22,17.54,92.22,152.52,257.08,283.44,20190717
75.54,42.13,74.27,54.18,17.5,92.33,153.04,256.52,283.34,20190718
75.43,42.07,74.17,54.13,17.45,92.45,153.16,256.35,283.24,20190719
75.33,42.01,74.07,54.08,17.4,92.57,153.28,256.18,283.14,20190720
75.21,41.55,73.56,54.03,17.35,93.1,153.42,256.01,283.04,20190721
75.1,41.48,73.45,53.57,17.29,93.23,153.56,255.44,282.53,20190722
74.58,41.42,73.34,53.51,17.23,93.37,154.1,255.26,282.42,20190723
74.45,41.36,73.22,53.45,17.17,93.51,154.25,255.08,282.31,20190724
74.33,41.29,73.1,53.38,17.1,94.05,154.41,254.5,282.19,20190725
74.2,41.22,72.58,53.31,17.03,94.2,154.57,254.32,282.08,20190726
74.06,41.16,72.46,53.23,16.56,94.35,155.13,254.13,281.56,20190727
73.53,41.09,72.33,53.16,16.49,94.51,155.3,253.54,281.44,20190728
73.39,41.02,72.2,53.08,16.41,95.07,155.48,253.35,281.31,20190729
73.25,40.55,72.07,52.59,16.33,95.23,156.05,253.16,281.19,20190730
73.1,40.48,71.54,52.51,16.25,95.4,156.23,252.57,281.07,20190731
72.55,40.41,71.4,52.41,16.16,95.57,156.42,252.37,280.54,20190801
72.4,40.34,71.26,52.32,16.07,96.15,157.01,252.18,280.41,20190802
72.25,40.27,71.12,52.22,15.58,96.33,157.2,251.58,280.28,20190803
72.09,40.2,70.57,52.12,15.49,96.51,157.39,251.38,280.15,20190804
71.53,40.12,70.43,52.02,15.39,97.1,157.58,251.18,280.02,20190805
71.37,40.05,70.28,51.51,15.29,97.29,158.18,250.58,279.48,20190806
71.2,39.58,70.12,51.4,15.18,97.48,158.38,250.38,279.35,20190807
71.03,39.5,69.57,51.28,15.08,98.08,158.58,250.18,279.21,20190808
70.46,39.42,69.41,51.16,14.57,98.28,159.18,249.58,279.07,20190809
70.29,39.35,69.25,51.04,14.45,98.48,159.39,249.38,278.53,20190810
70.11,39.27,69.09,50.52,14.34,99.09,159.59,249.18,278.39,20190811
69.54,39.19,68.53,50.39,14.22,99.3,160.2,248.58,278.25,20190812
69.36,39.11,68.36,50.26,14.1,99.51,160.4,248.38,278.11,20190813
69.17,39.03,68.19,50.13,13.58,100.12,161.01,248.18,277.57,20190814
68.59,38.55,68.02,49.59,13.45,100.34,161.22,247.58,277.42,20190815
68.4,38.47,67.45,49.45,13.33,100.56,161.43,247.38,277.28,20190816
68.21,38.39,67.28,49.31,13.2,101.18,162.03,247.18,277.13,20190817
68.02,38.31,67.1,49.16,13.06,101.41,162.24,246.58,276.58,20190818
67.42,38.22,66.52,49.01,12.53,102.03,162.44,246.39,276.44,20190819
67.23,38.14,66.34,48.46,12.39,102.26,163.05,246.19,276.29,20190820
67.03,38.05,66.15,48.3,12.25,102.49,163.25,246.0,276.14,20190821
66.43,37.57,65.57,48.15,12.11,103.13,163.46,245.4,275.59,20190822
66.23,37.48,65.38,47.59,11.56,103.36,164.06,245.21,275.44,20190823
66.03,37.39,65.19,47.42,11.42,104.0,164.26,245.02,275.29,20190824
65.42,37.3,65.0,47.26,11.27,104.24,164.46,244.43,275.14,20190825
65.21,37.21,64.41,47.09,11.12,104.48,165.06,244.24,274.59,20190826
65.0,37.12,64.21,46.52,10.57,105.12,165.26,244.05,274.43,20190827
64.39,37.03,64.01,46.35,10.41,105.36,165.45,243.46,274.28,20190828
64.18,36.54,63.42,46.18,10.26,106.0,166.05,243.27,274.13,20190829
63.57,36.44,63.21,46.0,10.1,106.25,166.24,243.09,273.57,20190830
63.35,36.35,63.01,45.42,9.54,106.5,166.43,242.51,273.42,20190831
63.14,36.25,62.41,45.24,9.38,107.14,167.02,242.32,273.26,20190901
62.52,36.15,62.2,45.06,9.22,107.39,167.2,242.14,273.11,20190902
62.3,36.06,62.0,44.47,9.05,108.04,167.39,241.56,272.55,20190903
62.08,35.56,61.39,44.28,8.49,108.29,167.57,241.39,272.4,20190904
61.46,35.46,61.18,44.1,8.32,108.54,168.15,241.21,272.24,20190905
61.24,35.36,60.57,43.51,8.15,109.19,168.33,241.03,272.09,20190906
61.01,35.25,60.35,43.31,7.59,109.45,168.5,240.46,271.53,20190907
60.39,35.15,60.14,43.12,7.42,110.1,169.08,240.29,271.37,20190908
60.16,35.05,59.53,42.53,7.24,110.35,169.25,240.12,271.22,20190909
59.54,34.54,59.31,42.33,7.07,111.0,169.42,239.55,271.06,20190910
59.31,34.44,59.09,42.13,6.5,111.26,169.58,239.38,270.5,20190911
59.08,34.33,58.47,41.53,6.32,111.51,170.15,239.21,270.34,20190912
58.45,34.22,58.25,41.33,6.15,112.16,170.31,239.05,270.18,20190913
58.22,34.11,58.03,41.13,5.57,112.41,170.47,238.48,270.03,20190914
57.59,34.0,57.41,40.53,5.4,113.07,171.02,238.32,269.47,20190915
57.36,33.49,57.19,40.33,5.22,113.32,171.18,238.16,269.31,20190916
57.13,33.37,56.57,40.12,5.04,113.57,171.33,238.0,269.15,20190917
56.5,33.26,56.34,39.52,4.47,114.22,171.47,237.44,268.59,20190918
56.27,33.15,56.12,39.31,4.29,114.47,172.02,237.28,268.43,20190919
56.04,33.03,55.49,39.11,4.11,115.12,172.16,237.13,268.27,20190920
55.4,32.51,55.27,38.5,3.5300000000000002,115.36,172.3,236.57,268.11,20190921
55.17,32.39,55.04,38.3,3.36,116.01,172.44,236.41,267.55,20190922
54.54,32.27,54.42,38.09,3.18,116.26,172.57,236.26,267.39,20190923
54.3,32.15,54.19,37.48,3.0,116.5,173.1,236.11,267.23,20190924
54.07,32.03,53.56,37.27,2.42,117.15,173.23,235.56,267.07,20190925
53.44,31.51,53.33,37.07,2.25,117.39,173.35,235.41,266.51,20190926
53.2,31.38,53.1,36.46,2.07,118.03,173.47,235.26,266.35,20190927
52.57,31.26,52.48,36.25,1.49,118.27,173.59,235.11,266.18,20190928
52.33,31.13,52.25,36.05,1.32,118.5,174.1,234.56,266.02,20190929
52.1,31.0,52.02,35.44,1.1400000000000001,119.14,174.21,234.41,265.46,20190930
51.47,30.47,51.39,35.23,0.5700000000000001,119.37,174.32,234.27,265.3,20191001
51.24,30.34,51.16,35.03,0.39,120.0,174.43,234.12,265.14,20191002
51.0,30.21,50.53,34.42,0.22,120.23,174.53,233.58,264.57,20191003
50.37,30.08,50.31,34.22,0.05,120.46,175.03,233.43,264.41,20191004
50.14,29.55,50.08,34.01,0.12,121.09,175.13,233.29,264.25,20191005
49.51,29.42,49.45,33.41,0.29,121.31,175.22,233.15,264.09,20191006
49.28,29.28,49.23,33.21,0.46,121.53,175.31,233.01,263.53,20191007
49.05,29.15,49.0,33.01,-0.97,122.15,175.4,232.47,263.36,20191008
48.42,29.01,48.37,32.41,-0.81,122.37,175.49,232.33,263.2,20191009
48.19,28.48,48.15,32.21,-0.64,122.58,175.57,232.19,263.04,20191010
47.57,28.34,47.52,32.01,-0.48,123.19,176.05,232.05,262.48,20191011
47.34,28.2,47.3,31.41,-1.92,123.4,176.12,231.51,262.31,20191012
47.12,28.06,47.08,31.22,-1.76,124.01,176.2,231.37,262.15,20191013
46.49,27.52,46.46,31.02,-1.6,124.21,176.27,231.23,261.59,20191014
46.27,27.38,46.24,30.43,-1.44,124.41,176.33,231.1,261.43,20191015
46.05,27.24,46.02,30.24,-2.89,125.01,176.4,230.56,261.26,20191016
45.43,27.1,45.4,30.05,-2.74,125.2,176.46,230.43,261.1,20191017
45.21,26.56,45.18,29.46,-2.59,125.39,176.51,230.29,260.54,20191018
44.59,26.42,44.56,29.28,-2.44,125.58,176.57,230.16,260.38,20191019
44.37,26.28,44.35,29.09,-3.89,126.17,177.02,230.02,260.22,20191020
44.16,26.13,44.13,28.51,-3.75,126.35,177.07,229.49,260.05,20191021
43.55,25.59,43.52,28.33,-3.61,126.53,177.11,229.36,259.49,20191022
43.33,25.45,43.31,28.15,-3.4699999999999998,127.1,177.16,229.22,259.33,20191023
43.12,25.3,43.1,27.58,-4.93,127.27,177.2,229.09,259.17,20191024
42.52,25.16,42.49,27.41,-4.8,127.44,177.23,228.56,259.01,20191025
42.31,25.02,42.29,27.23,-4.67,128.01,177.27,228.43,258.45,20191026
42.1,24.47,42.08,27.07,-4.54,128.17,177.3,228.29,258.29,20191027
41.5,24.33,41.48,26.5,-4.41,128.33,177.32,228.16,258.13,20191028
41.3,24.18,41.28,26.34,-5.89,128.48,177.35,228.03,257.57,20191029
41.1,24.04,41.08,26.18,-5.77,129.03,177.37,227.5,257.41,20191030
40.51,23.5,40.49,26.02,-5.65,129.18,177.39,227.37,257.25,20191031
40.31,23.35,40.29,25.46,-5.54,129.32,177.41,227.24,257.09,20191101
40.12,23.21,40.1,25.31,-5.43,129.46,177.42,227.11,256.54,20191102
39.53,23.06,39.51,25.16,-6.92,130.0,177.43,226.59,256.38,20191103
39.34,22.52,39.33,25.01,-6.81,130.13,177.44,226.46,256.23,20191104
39.16,22.38,39.14,24.47,-6.71,130.26,177.44,226.33,256.07,20191105
38.58,22.24,38.56,24.33,-6.61,130.38,177.45,226.2,255.52,20191106
38.4,22.1,38.38,24.19,-6.51,130.5,177.45,226.08,255.37,20191107
38.22,21.56,38.2,24.06,-6.42,131.02,177.44,225.55,255.22,20191108
38.05,21.42,38.03,23.53,-7.93,131.13,177.44,225.43,255.07,20191109
37.47,21.28,37.46,23.4,-7.85,131.24,177.43,225.3,254.52,20191110
37.31,21.14,37.29,23.27,-7.76,131.35,177.42,225.18,254.37,20191111
37.14,21.0,37.12,23.15,-7.68,131.45,177.41,225.06,254.22,20191112
36.58,20.47,36.56,23.03,-7.61,131.54,177.39,224.54,254.08,20191113
36.42,20.33,36.4,22.52,-7.54,132.04,177.38,224.41,253.53,20191114
36.26,20.2,36.24,22.41,-7.47,132.12,177.36,224.29,253.39,20191115
36.11,20.06,36.09,22.3,-9.0,132.21,177.33,224.17,253.25,20191116
35.56,19.53,35.54,22.2,-8.94,132.29,177.31,224.05,253.11,20191117
35.42,19.4,35.39,22.1,-8.88,132.37,177.28,223.53,252.57,20191118
35.27,19.27,35.25,22.0,-8.83,132.44,177.25,223.42,252.44,20191119
35.13,19.15,35.11,21.51,-8.78,132.51,177.22,223.3,252.3,20191120
35.0,19.02,34.57,21.42,-8.73,132.57,177.19,223.18,252.17,20191121
34.47,18.49,34.44,21.34,-8.68,133.03,177.15,223.07,252.04,20191122
34.34,18.37,34.31,21.26,-8.64,133.09,177.11,222.55,251.51,20191123
34.21,18.25,34.18,21.18,-8.61,133.14,177.07,222.44,251.38,20191124
34.09,18.13,34.06,21.11,-8.57,133.19,177.03,222.33,251.26,20191125
33.58,18.01,33.54,21.04,-8.55,133.23,176.58,222.22,251.14,20191126
33.46,17.5,33.43,20.58,-8.52,133.27,176.53,222.11,251.02,20191127
33.35,17.38,33.31,20.51,-8.5,133.31,176.49,222.0,250.5,20191128
33.25,17.27,33.21,20.46,-8.48,133.34,176.44,221.49,250.39,20191129
33.15,17.16,33.1,20.4,-8.46,133.37,176.38,221.39,250.27,20191130
33.05,17.05,33.0,20.36,-8.45,133.39,176.33,221.28,250.16,20191201
32.56,16.55,32.51,20.31,-8.44,133.41,176.27,221.18,250.06,20191202
32.47,16.45,32.42,20.27,-8.44,133.43,176.21,221.08,249.55,20191203
32.38,16.35,32.33,20.23,-8.44,133.44,176.16,220.58,249.45,20191204
32.3,16.25,32.25,20.2,-8.44,133.45,176.09,220.48,249.35,20191205
32.23,16.15,32.17,20.17,-8.45,133.46,176.03,220.38,249.26,20191206
32.16,16.06,32.09,20.15,-8.46,133.46,175.57,220.29,249.16,20191207
32.09,15.57,32.02,20.13,-8.47,133.46,175.5,220.2,249.07,20191208
32.03,15.48,31.56,20.11,-8.48,133.45,175.44,220.11,248.59,20191209
31.57,15.4,31.49,20.1,-8.5,133.44,175.37,220.02,248.51,20191210
31.51,15.32,31.44,20.09,-8.53,133.43,175.3,219.53,248.43,20191211
31.47,15.24,31.38,20.09,-8.55,133.41,175.23,219.45,248.35,20191212
31.42,15.16,31.33,20.09,-8.58,133.39,175.16,219.36,248.28,20191213
31.38,15.09,31.29,20.09,-8.61,133.36,175.09,219.28,248.21,20191214
31.35,15.02,31.25,20.1,-8.65,133.34,175.01,219.2,248.14,20191215
31.32,14.55,31.21,20.11,-8.68,133.3,174.54,219.13,248.08,20191216
31.29,14.49,31.18,20.13,-8.73,133.27,174.46,219.05,248.02,20191217
31.27,14.43,31.15,20.15,-8.77,133.23,174.39,218.58,247.56,20191218
31.25,14.37,31.13,20.18,-8.82,133.19,174.31,218.51,247.51,20191219
31.24,14.32,31.11,20.2,-8.87,133.14,174.23,218.44,247.46,20191220
31.23,14.27,31.1,20.24,-8.92,133.1,174.15,218.38,247.42,20191221
31.23,14.22,31.09,20.27,-8.98,133.04,174.07,218.32,247.38,20191222
31.23,14.18,31.09,20.31,-7.43,132.59,173.59,218.26,247.34,20191223
31.24,14.14,31.09,20.36,-7.5,132.53,173.51,218.2,247.31,20191224
31.25,14.1,31.09,20.41,-7.56,132.47,173.43,218.15,247.28,20191225
31.27,14.07,31.1,20.46,-7.63,132.41,173.35,218.1,247.25,20191226
31.29,14.04,31.12,20.51,-7.69,132.34,173.27,218.05,247.23,20191227
31.31,14.01,31.13,20.57,-7.77,132.27,173.19,218.0,247.22,20191228
31.34,13.59,31.16,21.03,-7.84,132.2,173.1,217.56,247.2,20191229
31.38,13.57,31.19,21.1,-7.91,132.12,173.02,217.52,247.2,20191230
31.42,13.56,31.22,21.17,-7.99,132.04,172.54,217.48,247.19,20191231
31.47,13.55,31.26,21.25,-6.47,131.56,172.46,217.45,247.19,20200101
31.52,13.54,31.3,21.33,-6.56,131.48,172.37,217.42,247.19,20200102
31.57,13.54,31.35,21.41,-6.64,131.39,172.29,217.4,247.2,20200103
32.03,13.54,31.4,21.49,-6.73,131.3,172.21,217.37,247.21,20200104
32.09,13.55,31.45,21.58,-6.81,131.21,172.13,217.35,247.23,20200105
32.16,13.55,31.51,22.07,-6.9,131.12,172.04,217.33,247.25,20200106
32.23,13.57,31.57,22.16,-7.0,131.02,171.56,217.32,247.27,20200107
32.31,13.58,32.04,22.26,-5.49,130.53,171.48,217.31,247.3,20200108
32.39,14.0,32.11,22.36,-5.58,130.43,171.4,217.31,247.33,20200109
32.47,14.03,32.19,22.46,-5.68,130.32,171.32,217.3,247.37,20200110
32.56,14.05,32.27,22.56,-5.78,130.22,171.24,217.3,247.41,20200111
33.05,14.09,32.36,23.07,-5.88,130.11,171.16,217.31,247.46,20200112
33.15,14.12,32.44,23.18,-5.98,130.0,171.08,217.32,247.51,20200113
33.25,14.16,32.54,23.3,-4.48,129.49,171.0,217.33,247.56,20200114
33.36,14.2,33.04,23.42,-4.58,129.38,170.53,217.34,248.02,20200115
33.47,14.25,33.14,23.54,-4.69,129.27,170.45,217.36,248.08,20200116
33.58,14.3,33.24,24.06,-4.79,129.15,170.37,217.38,248.15,20200117
34.1,14.36,33.35,24.18,-4.9,129.03,170.3,217.41,248.22,20200118
34.22,14.41,33.47,24.31,-3.41,128.52,170.22,217.44,248.29,20200119
34.35,14.48,33.58,24.44,-3.52,128.39,170.15,217.47,248.37,20200120
34.48,14.54,34.11,24.57,-3.63,128.27,170.07,217.51,248.45,20200121
35.01,15.01,34.23,25.11,-3.74,128.15,170.0,217.55,248.53,20200122
35.15,15.08,34.36,25.24,-3.85,128.02,169.53,218.0,249.02,20200123
35.29,15.16,34.49,25.38,-3.96,127.49,169.46,218.05,249.12,20200124
35.43,15.24,35.03,25.52,-2.4699999999999998,127.37,169.39,218.1,249.22,20200125
35.58,15.33,35.17,26.06,-2.59,127.24,169.32,218.16,249.32,20200126
36.13,15.41,35.32,26.21,-2.7,127.1,169.26,218.22,249.42,20200127
36.29,15.5,35.46,26.36,-2.82,126.57,169.19,218.28,249.53,20200128
36.44,16.0,36.02,26.5,-2.93,126.44,169.13,218.35,250.04,20200129
37.0,16.1,36.17,27.05,-1.45,126.3,169.06,218.43,250.16,20200130
37.17,16.2,36.33,27.2,-1.56,126.17,169.0,218.5,250.28,20200131
37.34,16.31,36.49,27.36,-1.68,126.03,168.54,218.58,250.4,20200201
37.51,16.41,37.05,27.51,-1.8,125.49,168.48,219.07,250.53,20200202
38.08,16.53,37.22,28.07,-1.91,125.35,168.42,219.16,251.06,20200203
38.26,17.04,37.39,28.22,-0.42999999999999994,125.21,168.36,219.25,251.19,20200204
38.44,17.16,37.57,28.38,-0.55,125.07,168.31,219.35,251.33,20200205
39.02,17.28,38.15,28.54,-0.6599999999999999,124.53,168.26,219.45,251.47,20200206
39.2,17.41,38.33,29.1,-0.78,124.39,168.2,219.56,252.01,20200207
39.39,17.54,38.51,29.26,-0.9,124.25,168.15,220.07,252.16,20200208
39.58,18.07,39.09,29.43,0.59,124.1,168.1,220.18,252.31,20200209
40.17,18.2,39.28,29.59,0.47000000000000003,123.56,168.05,220.3,252.47,20200210
40.37,18.34,39.47,30.15,0.35000000000000003,123.41,168.01,220.42,253.02,20200211
40.56,18.48,40.07,30.32,0.24,123.27,167.56,220.55,253.18,20200212
41.16,19.02,40.26,30.48,0.12,123.12,167.52,221.08,253.34,20200213
41.36,19.16,40.46,31.05,0.0,122.57,167.47,221.21,253.51,20200214
41.57,19.31,41.06,31.22,0.11,122.42,167.43,221.35,254.08,20200215
42.17,19.46,41.27,31.38,0.23,122.27,167.39,221.49,254.25,20200216
42.38,20.01,41.47,31.55,0.35000000000000003,122.12,167.35,222.03,254.42,20200217
42.59,20.17,42.08,32.12,0.46,121.57,167.32,222.18,255.0,20200218
43.2,20.33,42.29,32.29,0.58,121.42,167.28,222.34,255.17,20200219
43.42,20.49,42.51,32.46,1.09,121.27,167.25,222.49,255.36,20200220
44.03,21.05,43.12,33.02,1.21,121.12,167.21,223.05,255.54,20200221
44.25,21.21,43.34,33.19,1.32,120.56,167.18,223.22,256.12,20200222
44.47,21.38,43.55,33.36,1.44,120.41,167.15,223.39,256.31,20200223
45.09,21.55,44.17,33.53,1.55,120.26,167.12,223.56,256.5,20200224
45.31,22.12,44.4,34.1,2.06,120.1,167.09,224.13,257.09,20200225
45.53,22.29,45.02,34.27,2.18,119.55,167.07,224.31,257.29,20200226
46.16,22.46,45.24,34.44,2.29,119.39,167.04,224.5,257.48,20200227
46.38,23.03,45.47,35.01,2.4,119.23,167.02,225.08,258.08,20200228
47.01,23.21,46.1,35.17,2.51,119.08,167.0,225.27,258.28,20200229
47.24,23.39,46.33,35.34,3.02,118.52,166.57,225.46,258.48,20200301
47.47,23.57,46.56,35.51,3.14,118.36,166.55,226.06,259.09,20200302
48.1,24.15,47.19,36.07,3.25,118.2,166.54,226.26,259.29,20200303
48.33,24.33,47.42,36.24,3.35,118.04,166.52,226.46,259.5,20200304
48.56,24.52,48.06,36.4,3.46,117.48,166.5,227.07,260.11,20200305
49.19,25.1,48.29,36.57,3.5700000000000003,117.32,166.49,227.28,260.32,20200306
49.42,25.29,48.53,37.13,4.08,117.16,166.48,227.49,260.53,20200307
50.06,25.47,49.16,37.3,4.19,117.0,166.46,228.11,261.14,20200308
50.29,26.06,49.4,37.46,4.29,116.43,166.45,228.33,261.35,20200309
50.53,26.25,50.04,38.02,4.4,116.27,166.44,228.55,261.57,20200310
51.16,26.44,50.28,38.18,4.51,116.11,166.43,229.18,262.18,20200311
51.4,27.02,50.52,38.34,5.01,115.54,166.43,229.4,262.4,20200312
52.03,27.21,51.16,38.5,5.12,115.38,166.42,230.03,263.01,20200313
52.27,27.4,51.4,39.06,5.22,115.21,166.41,230.27,263.23,20200314
52.51,27.59,52.04,39.21,5.32,115.05,166.41,230.5,263.45,20200315
53.15,28.18,52.28,39.37,5.43,114.48,166.4,231.14,264.07,20200316
53.38,28.38,52.52,39.52,5.53,114.31,166.4,231.38,264.29,20200317
54.02,28.57,53.16,40.08,6.03,114.14,166.39,232.02,264.51,20200318
54.26,29.16,53.4,40.23,6.13,113.57,166.39,232.27,265.13,20200319
54.49,29.35,54.04,40.38,6.24,113.4,166.39,232.51,265.35,20200320
55.13,29.54,54.28,40.53,6.34,113.23,166.39,233.16,265.57,20200321
55.37,30.13,54.53,41.08,6.44,113.06,166.39,233.41,266.19,20200322
56.0,30.32,55.17,41.23,6.54,112.49,166.38,234.07,266.41,20200323
56.24,30.51,55.41,41.38,7.04,112.32,166.38,234.32,267.03,20200324
56.48,31.09,56.05,41.52,7.14,112.14,166.38,234.58,267.25,20200325
57.11,31.28,56.29,42.07,7.24,111.57,166.38,235.24,267.47,20200326
57.35,31.47,56.53,42.21,7.33,111.39,166.38,235.49,268.09,20200327
57.58,32.06,57.17,42.35,7.43,111.22,166.38,236.16,268.31,20200328
58.22,32.24,57.4,42.49,7.53,111.04,166.38,236.42,268.53,20200329
58.45,32.43,58.04,43.03,8.03,110.46,166.38,237.08,269.15,20200330
59.08,33.01,58.28,43.17,8.12,110.28,166.38,237.34,269.36,20200331
59.31,33.19,58.51,43.3,8.22,110.1,166.38,238.01,269.58,20200401
59.54,33.37,59.15,43.44,8.31,109.52,166.38,238.28,270.2,20200402
60.17,33.55,59.38,43.57,8.41,109.34,166.38,238.54,270.41,20200403
60.4,34.13,60.02,44.1,8.5,109.16,166.38,239.21,271.03,20200404
61.03,34.31,60.25,44.23,9.0,108.58,166.37,239.48,271.24,20200405
61.26,34.48,60.48,44.36,9.09,108.4,166.37,240.15,271.46,20200406
61.48,35.06,61.11,44.49,9.19,108.22,166.37,240.41,272.07,20200407
62.11,35.23,61.34,45.02,9.28,108.03,166.36,241.08,272.28,20200408
62.33,35.4,61.56,45.14,9.37,107.45,166.36,241.35,272.49,20200409
62.55,35.57,62.19,45.26,9.47,107.26,166.35,242.02,273.1,20200410
63.17,36.14,62.41,45.38,9.56,107.08,166.34,242.29,273.3,20200411
63.39,36.3,63.04,45.5,10.05,106.49,166.33,242.56,273.51,20200412
64.01,36.47,63.26,46.02,10.14,106.31,166.32,243.22,274.11,20200413
64.23,37.03,63.48,46.14,10.23,106.12,166.31,243.49,274.32,20200414
64.44,37.18,64.09,46.26,10.32,105.53,166.3,244.16,274.52,20200415
65.05,37.34,64.31,46.37,10.41,105.34,166.28,244.42,275.12,20200416
65.26,37.49,64.52,46.49,10.5,105.16,166.26,245.09,275.31,20200417
65.47,38.05,65.13,47.0,10.59,104.57,166.24,245.35,275.51,20200418
66.08,38.2,65.34,47.11,11.08,104.38,166.22,246.01,276.1,20200419
66.29,38.34,65.55,47.22,11.17,104.19,166.2,246.27,276.29,20200420
66.49,38.49,66.16,47.33,11.26,104.0,166.17,246.53,276.48,20200421
67.09,39.03,66.36,47.43,11.35,103.41,166.14,247.19,277.07,20200422
67.29,39.17,66.56,47.54,11.44,103.22,166.1,247.45,277.25,20200423
67.49,39.3,67.16,48.04,11.53,103.03,166.07,248.1,277.43,20200424
68.09,39.44,67.36,48.14,12.02,102.44,166.03,248.35,278.01,20200425
68.28,39.57,67.55,48.25,12.1,102.25,165.59,249.0,278.19,20200426
68.47,40.09,68.15,48.35,12.19,102.06,165.54,249.25,278.37,20200427
69.06,40.22,68.34,48.45,12.28,101.47,165.49,249.5,278.54,20200428
69.25,40.34,68.52,48.54,12.36,101.29,165.44,250.14,279.11,20200429
69.43,40.46,69.11,49.04,12.45,101.1,165.38,250.38,279.28,20200430
70.01,40.58,69.29,49.13,12.53,100.51,165.33,251.02,279.44,20200501
70.19,41.09,69.47,49.23,13.02,100.33,165.26,251.25,280.01,20200502
70.37,41.2,70.04,49.32,13.1,100.14,165.19,251.49,280.17,20200503
70.54,41.31,70.22,49.41,13.19,99.56,165.12,252.12,280.32,20200504
71.12,41.41,70.39,49.5,13.27,99.37,165.05,252.34,280.48,20200505
71.28,41.51,70.55,49.59,13.35,99.19,164.57,252.56,281.03,20200506
71.45,42.01,71.12,50.08,13.43,99.01,164.48,253.18,281.17,20200507
72.01,42.11,71.28,50.16,13.52,98.43,164.4,253.4,281.32,20200508
72.17,42.2,71.44,50.25,14.0,98.25,164.3,254.01,281.46,20200509
72.33,42.29,71.59,50.33,14.08,98.07,164.2,254.22,282.0,20200510
72.48,42.37,72.14,50.42,14.16,97.5,164.1,254.42,282.13,20200511
73.04,42.45,72.29,50.5,14.24,97.32,163.59,255.02,282.27,20200512
73.18,42.53,72.43,50.58,14.32,97.15,163.48,255.22,282.4,20200513
73.33,43.01,72.57,51.06,14.39,96.58,163.36,255.41,282.52,20200514
73.47,43.08,73.11,51.14,14.47,96.41,163.23,256.0,283.04,20200515
74.01,43.15,73.24,51.21,14.55,96.25,163.11,256.18,283.16,20200516
74.15,43.21,73.38,51.29,15.03,96.09,162.57,256.36,283.28,20200517
74.28,43.28,73.5,51.37,15.1,95.52,162.43,256.54,283.39,20200518
74.41,43.34,74.02,51.44,15.18,95.37,162.29,257.11,283.5,20200519
74.53,43.39,74.14,51.51,15.25,95.21,162.14,257.27,284.0,20200520
75.05,43.45,74.26,51.59,15.32,95.06,161.58,257.43,284.1,20200521
75.17,43.5,74.37,52.06,15.39,94.51,161.43,257.59,284.2,20200522
75.29,43.54,74.48,52.13,15.47,94.36,161.26,258.14,284.29,20200523
75.4,43.59,74.58,52.19,15.54,94.21,161.09,258.28,284.38,20200524
75.51,44.03,75.08,52.26,16.0,94.07,160.52,258.42,284.47,20200525
76.01,44.07,75.18,52.33,16.07,93.54,160.35,258.55,284.55,20200526
76.11,44.1,75.27,52.39,16.14,93.4,160.17,259.08,285.03,20200527
76.21,44.13,75.36,52.46,16.21,93.27,159.59,259.21,285.11,20200528
76.3,44.16,75.44,52.52,16.27,93.14,159.4,259.32,285.18,20200529
76.39,44.19,75.52,52.58,16.33,93.02,159.22,259.44,285.25,20200530
76.48,44.21,75.59,53.04,16.4,92.5,159.03,259.54,285.31,20200531
76.56,44.23,76.06,53.1,16.46,92.39,158.44,260.04,285.37,20200601
77.04,44.25,76.13,53.16,16.52,92.27,158.25,260.14,285.43,20200602
77.11,44.27,76.19,53.21,16.57,92.17,158.05,260.23,285.48,20200603
77.18,44.28,76.25,53.27,17.03,92.06,157.46,260.31,285.53,20200604
77.25,44.29,76.31,53.32,17.08,91.57,157.27,260.39,285.57,20200605
77.31,44.3,76.36,53.37,17.14,91.47,157.08,260.46,286.01,20200606
77.37,44.3,76.4,53.42,17.19,91.38,156.49,260.52,286.05,20200607
77.42,44.3,76.44,53.47,17.24,91.3,156.3,260.58,286.08,20200608
77.47,44.3,76.48,53.52,17.29,91.22,156.11,261.03,286.11,20200609
77.52,44.3,76.51,53.57,17.34,91.14,155.52,261.08,286.14,20200610
77.56,44.29,76.54,54.01,17.38,91.07,155.34,261.12,286.16,20200611
78.0,44.29,76.57,54.05,17.42,91.0,155.16,261.15,286.18,20200612
78.03,44.28,76.59,54.09,17.47,90.54,154.59,261.18,286.19,20200613
78.06,44.27,77.01,54.13,17.51,90.49,154.42,261.2,286.2,20200614
78.09,44.25,77.02,54.17,17.54,90.43,154.25,261.21,286.21,20200615
78.11,44.24,77.03,54.21,17.58,90.39,154.09,261.22,286.21,20200616
78.13,44.22,77.03,54.24,18.02,90.35,153.54,261.22,286.21,20200617
78.14,44.2,77.03,54.27,18.05,90.31,153.39,261.22,286.2,20200618
78.15,44.17,77.03,54.31,18.08,90.28,153.25,261.21,286.2,20200619
78.16,44.15,77.02,54.33,18.11,90.25,153.12,261.19,286.18,20200620
78.16,44.12,77.01,54.36,18.13,90.23,153.0,261.17,286.17,20200621
78.16,44.1,77.0,54.39,18.16,90.21,152.48,261.14,286.15,20200622
78.15,44.07,76.58,54.41,18.18,90.2,152.37,261.1,286.12,20200623
78.14,44.04,76.56,54.43,18.2,90.2,152.27,261.06,286.1,20200624
78.12,44.0,76.53,54.45,18.21,90.2,152.18,261.01,286.06,20200625
78.1,43.57,76.5,54.46,18.23,90.2,152.1,260.55,286.03,20200626
78.08,43.53,76.47,54.48,18.24,90.21,152.03,260.49,285.59,20200627
78.05,43.49,76.43,54.49,18.25,90.23,151.57,260.43,285.55,20200628
78.02,43.46,76.39,54.5,18.25,90.25,151.51,260.35,285.51,20200629
77.58,43.41,76.35,54.5,18.26,90.27,151.47,260.28,285.46,20200630
77.54,43.37,76.3,54.51,18.26,90.31,151.44,260.19,285.41,20200701
77.5,43.33,76.25,54.51,18.26,90.34,151.42,260.1,285.35,20200702
77.45,43.29,76.19,54.51,18.25,90.38,151.41,260.01,285.29,20200703
77.4,43.24,76.14,54.5,18.25,90.43,151.4,259.51,285.23,20200704
77.34,43.19,76.07,54.5,18.24,90.48,151.41,259.4,285.17,20200705
77.28,43.14,76.01,54.49,18.23,90.54,151.43,259.29,285.1,20200706
77.22,43.1,75.54,54.48,18.21,91.0,151.46,259.18,285.03,20200707
77.15,43.05,75.47,54.46,18.19,91.07,151.49,259.06,284.56,20200708
77.08,42.59,75.4,54.44,18.17,91.14,151.54,258.53,284.48,20200709
77.0,42.54,75.32,54.42,18.15,91.22,151.59,258.4,284.4,20200710
76.53,42.49,75.24,54.4,18.13,91.3,152.06,258.26,284.32,20200711
76.44,42.43,75.16,54.37,18.1,91.39,152.13,258.12,284.24,20200712
76.36,42.38,75.07,54.34,18.06,91.48,152.21,257.58,284.15,20200713
76.27,42.32,74.59,54.31,18.03,91.58,152.29,257.43,284.06,20200714
76.17,42.26,74.49,54.27,17.59,92.08,152.39,257.28,283.57,20200715
76.07,42.2,74.4,54.23,17.55,92.19,152.49,257.12,283.47,20200716
75.57,42.15,74.3,54.19,17.51,92.3,153.0,256.56,283.37,20200717
75.47,42.08,74.2,54.14,17.46,92.42,153.12,256.4,283.27,20200718
75.36,42.02,74.1,54.09,17.41,92.54,153.24,256.23,283.17,20200719
75.25,41.56,73.59,54.04,17.36,93.06,153.37,256.06,283.06,20200720
75.13,41.5,73.48,53.59,17.3,93.19,153.51,255.49,282.56,20200721
75.01,41.44,73.37,53.53,17.25,93.33,154.05,255.31,282.45,20200722
74.49,41.37,73.25,53.46,17.18,93.47,154.2,255.13,282.33,20200723
74.36,41.31,73.14,53.4,17.12,94.01,154.36,254.55,282.22,20200724
74.23,41.24,73.02,53.33,17.05,94.16,154.52,254.37,282.1,20200725
74.1,41.17,72.49,53.26,16.58,94.31,155.08,254.18,281.59,20200726
73.57,41.11,72.37,53.18,16.51,94.46,155.25,253.59,281.47,20200727
73.43,41.04,72.24,53.1,16.43,95.02,155.42,253.4,281.35,20200728
73.29,40.57,72.11,53.02,16.35,95.19,156.0,253.21,281.22,20200729
73.14,40.5,71.57,52.53,16.27,95.35,156.18,253.02,281.1,20200730
72.59,40.43,71.44,52.44,16.18,95.53,156.36,252.43,280.57,20200731
72.44,40.36,71.3,52.35,16.09,96.1,156.55,252.23,280.44,20200801
72.29,40.29,71.16,52.25,16.0,96.28,157.14,252.03,280.31,20200802
72.13,40.22,71.01,52.15,15.51,96.46,157.34,251.44,280.18,20200803
71.57,40.14,70.47,52.04,15.41,97.05,157.53,251.24,280.05,20200804
71.41,40.07,70.32,51.54,15.31,97.24,158.13,251.04,279.52,20200805
71.25,40.0,70.17,51.43,15.21,97.43,158.33,250.44,279.38,20200806
71.08,39.52,70.01,51.31,15.1,98.03,158.53,250.24,279.25,20200807
70.51,39.45,69.46,51.19,14.59,98.23,159.13,250.04,279.11,20200808
70.34,39.37,69.3,51.07,14.48,98.43,159.34,249.44,278.57,20200809
70.16,39.29,69.14,50.55,14.37,99.03,159.54,249.24,278.43,20200810
69.59,39.21,68.58,50.42,14.25,99.24,160.15,249.04,278.29,20200811
69.41,39.13,68.41,50.29,14.13,99.45,160.35,248.44,278.15,20200812
69.22,39.06,68.24,50.16,14.01,100.07,160.56,248.23,278.0,20200813
69.04,38.57,68.07,50.02,13.48,100.28,161.17,248.03,277.46,20200814
68.45,38.49,67.5,49.49,13.36,100.5,161.37,247.44,277.31,20200815
68.26,38.41,67.32,49.34,13.23,101.12,161.58,247.24,277.17,20200816
68.07,38.33,67.15,49.2,13.09,101.35,162.18,247.04,277.02,20200817
67.48,38.24,66.57,49.05,12.56,101.57,162.39,246.44,276.47,20200818
67.28,38.16,66.39,48.5,12.42,102.2,162.59,246.24,276.33,20200819
67.08,38.07,66.2,48.35,12.28,102.43,163.2,246.05,276.18,20200820
66.48,37.59,66.02,48.19,12.14,103.06,163.4,245.45,276.03,20200821
66.28,37.5,65.43,48.03,12.0,103.3,164.0,245.26,275.48,20200822
66.08,37.41,65.24,47.47,11.45,103.53,164.2,245.07,275.33,20200823
65.48,37.32,65.05,47.3,11.31,104.17,164.41,244.48,275.17,20200824
65.27,37.23,64.46,47.14,11.16,104.41,165.0,244.29,275.02,20200825
65.06,37.14,64.26,46.57,11.01,105.05,165.2,244.1,274.47,20200826
64.45,37.05,64.07,46.4,10.45,105.3,165.4,243.51,274.32,20200827
64.24,36.56,63.47,46.22,10.3,105.54,165.59,243.32,274.16,20200828
64.03,36.47,63.27,46.05,10.14,106.18,166.19,243.14,274.01,20200829
63.41,36.37,63.07,45.47,9.58,106.43,166.38,242.55,273.46,20200830
63.2,36.28,62.46,45.29,9.42,107.08,166.57,242.37,273.3,20200831
62.58,36.18,62.26,45.1,9.26,107.33,167.16,242.19,273.15,20200901
62.36,36.08,62.05,44.52,9.09,107.58,167.34,242.01,272.59,20200902
62.14,35.58,61.44,44.33,8.53,108.23,167.52,241.43,272.44,20200903
61.52,35.48,61.23,44.14,8.36,108.48,168.11,241.26,272.28,20200904
61.3,35.38,61.02,43.55,8.2,109.13,168.29,241.08,272.13,20200905
61.07,35.28,60.41,43.36,8.03,109.38,168.46,240.51,271.57,20200906
60.45,35.18,60.2,43.17,7.46,110.03,169.04,240.34,271.41,20200907
60.22,35.08,59.58,42.58,7.29,110.29,169.21,240.16,271.25,20200908
60.0,34.57,59.37,42.38,7.11,110.54,169.38,239.59,271.1,20200909
59.37,34.46,59.15,42.18,6.54,111.19,169.54,239.43,270.54,20200910
59.14,34.36,58.53,41.58,6.37,111.44,170.11,239.26,270.38,20200911
58.51,34.25,58.31,41.38,6.19,112.1,170.27,239.09,270.22,20200912
58.28,34.14,58.09,41.18,6.02,112.35,170.43,238.53,270.06,20200913
58.05,34.03,57.47,40.58,5.44,113.0,170.58,238.36,269.51,20200914
57.42,33.52,57.25,40.38,5.26,113.25,171.14,238.2,269.35,20200915
57.19,33.4,57.03,40.18,5.09,113.5,171.29,238.04,269.19,20200916
56.56,33.29,56.4,39.57,4.51,114.15,171.43,237.48,269.03,20200917
56.33,33.17,56.18,39.37,4.33,114.4,171.58,237.32,268.47,20200918
56.1,33.06,55.55,39.16,4.16,115.05,172.12,237.16,268.31,20200919
55.46,32.54,55.33,38.56,3.58,115.3,172.26,237.01,268.15,20200920
55.23,32.42,55.1,38.35,3.4,115.55,172.4,236.45,267.59,20200921
55.0,32.3,54.47,38.14,3.22,116.19,172.53,236.3,267.43,20200922
54.36,32.18,54.25,37.54,3.05,116.44,173.06,236.14,267.27,20200923
54.13,32.06,54.02,37.33,2.47,117.08,173.19,235.59,267.1,20200924
53.5,31.54,53.39,37.12,2.29,117.32,173.31,235.44,266.54,20200925
53.26,31.41,53.16,36.51,2.11,117.57,173.44,235.29,266.38,20200926
53.03,31.29,52.54,36.31,1.54,118.2,173.55,235.14,266.22,20200927
52.4,31.16,52.31,36.1,1.3599999999999999,118.44,174.07,235.0,266.06,20200928
52.16,31.03,52.08,35.49,1.19,119.08,174.18,234.45,265.5,20200929
51.53,30.51,51.45,35.29,1.01,119.31,174.29,234.3,265.34,20200930
51.3,30.38,51.22,35.08,0.44,119.54,174.4,234.16,265.18,20201001
51.06,30.25,51.0,34.48,0.26,120.18,174.51,234.01,265.01,20201002
50.43,30.12,50.37,34.27,0.09,120.4,175.01,233.47,264.45,20201003
50.2,29.59,50.14,34.07,0.08,121.03,175.1,233.33,264.29,20201004
49.57,29.45,49.51,33.46,0.25,121.25,175.2,233.18,264.13,20201005
49.34,29.32,49.29,33.26,0.42,121.48,175.29,233.04,263.57,20201006
49.11,29.18,49.06,33.06,0.59,122.1,175.38,232.5,263.4,20201007
48.48,29.05,48.43,32.46,-0.85,122.31,175.47,232.36,263.24,20201008
48.25,28.51,48.21,32.26,-0.6799999999999999,122.53,175.55,232.22,263.08,20201009
48.03,28.38,47.58,32.06,-0.52,123.14,176.03,232.08,262.51,20201010
47.4,28.24,47.36,31.46,-1.96,123.35,176.1,231.55,262.35,20201011
47.18,28.1,47.14,31.27,-1.8,123.55,176.18,231.41,262.19,20201012
46.55,27.56,46.51,31.07,-1.6400000000000001,124.16,176.25,231.27,262.03,20201013
46.33,27.42,46.29,30.48,-1.48,124.36,176.31,231.13,261.46,20201014
46.11,27.28,46.07,30.29,-2.93,124.56,176.38,231.0,261.3,20201015
45.48,27.14,45.45,30.1,-2.77,125.15,176.44,230.46,261.14,20201016
45.27,27.0,45.24,29.51,-2.62,125.34,176.5,230.32,260.58,20201017
45.05,26.45,45.02,29.33,-2.48,125.53,176.55,230.19,260.41,20201018
44.43,26.31,44.4,29.14,-3.93,126.12,177.0,230.05,260.25,20201019
44.21,26.17,44.19,28.56,-3.79,126.3,177.05,229.52,260.09,20201020
44.0,26.03,43.58,28.38,-3.64,126.48,177.1,229.39,259.53,20201021
43.39,25.48,43.37,28.2,-3.5,127.06,177.14,229.25,259.37,20201022
43.18,25.34,43.16,28.02,-4.97,127.23,177.18,229.12,259.2,20201023
42.57,25.2,42.55,27.45,-4.83,127.4,177.22,228.59,259.04,20201024
42.36,25.05,42.34,27.28,-4.7,127.56,177.25,228.46,258.48,20201025
42.16,24.51,42.14,27.11,-4.57,128.13,177.29,228.33,258.32,20201026
41.55,24.36,41.54,26.54,-4.4399999999999995,128.29,177.31,228.19,258.16,20201027
41.35,24.22,41.33,26.38,-5.92,128.44,177.34,228.06,258.0,20201028
41.15,24.08,41.14,26.22,-5.8,128.59,177.36,227.53,257.45,20201029
40.56,23.53,40.54,26.06,-5.68,129.14,177.38,227.4,257.29,20201030
40.36,23.39,40.35,25.5,-5.57,129.29,177.4,227.28,257.13,20201031
40.17,23.25,40.15,25.35,-5.45,129.43,177.42,227.15,256.57,20201101
39.58,23.1,39.56,25.2,-6.94,129.56,177.43,227.02,256.42,20201102
39.39,22.56,39.38,25.05,-6.84,130.1,177.44,226.49,256.26,20201103
39.21,22.42,39.19,24.51,-6.73,130.23,177.44,226.36,256.11,20201104
39.03,22.28,39.01,24.37,-6.63,130.35,177.45,226.24,255.56,20201105
38.45,22.13,38.43,24.23,-6.54,130.47,177.45,226.11,255.4,20201106
38.27,21.59,38.25,24.09,-6.4399999999999995,130.59,177.45,225.59,255.25,20201107
38.09,21.45,38.08,23.56,-7.95,131.1,177.44,225.46,255.1,20201108
37.52,21.32,37.5,23.43,-7.87,131.21,177.43,225.34,254.55,20201109
37.35,21.18,37.33,23.31,-7.78,131.32,177.42,225.21,254.4,20201110
37.19,21.04,37.17,23.19,-7.7,131.42,177.41,225.09,254.26,20201111
37.02,20.5,37.0,23.07,-7.63,131.52,177.4,224.57,254.11,20201112
36.46,20.37,36.44,22.55,-7.55,132.01,177.38,224.44,253.57,20201113
36.31,20.23,36.29,22.44,-7.49,132.1,177.36,224.32,253.42,20201114
36.15,20.1,36.13,22.33,-7.42,132.19,177.34,224.2,253.28,20201115
36.0,19.57,35.58,22.23,-8.96,132.27,177.31,224.08,253.14,20201116
35.46,19.44,35.43,22.13,-8.9,132.35,177.29,223.56,253.0,20201117
35.31,19.31,35.29,22.03,-8.84,132.42,177.26,223.44,252.47,20201118
35.17,19.18,35.15,21.54,-8.79,132.49,177.22,223.33,252.33,20201119
35.04,19.05,35.01,21.45,-8.74,132.55,177.19,223.21,252.2,20201120
34.5,18.53,34.48,21.36,-8.7,133.01,177.15,223.09,252.07,20201121
34.37,18.4,34.34,21.28,-8.66,133.07,177.12,222.58,251.54,20201122
34.25,18.28,34.22,21.2,-8.62,133.13,177.08,222.47,251.41,20201123
34.13,18.16,34.09,21.13,-8.59,133.17,177.03,222.35,251.29,20201124
34.01,18.04,33.57,21.06,-8.55,133.22,176.59,222.24,251.16,20201125
33.49,17.53,33.46,20.59,-8.53,133.26,176.54,222.13,251.04,20201126
33.38,17.41,33.35,20.53,-8.5,133.3,176.5,222.03,250.53,20201127
33.28,17.3,33.24,20.47,-8.49,133.33,176.45,221.52,250.41,20201128
33.18,17.19,33.13,20.42,-8.47,133.36,176.39,221.41,250.3,20201129
33.08,17.08,33.03,20.37,-8.46,133.39,176.34,221.31,250.19,20201130
32.58,16.58,32.54,20.33,-8.45,133.41,176.29,221.21,250.08,20201201
32.49,16.47,32.44,20.28,-8.44,133.43,176.23,221.1,249.58,20201202
32.41,16.37,32.36,20.25,-8.44,133.44,176.17,221.0,249.47,20201203
32.33,16.28,32.27,20.21,-8.44,133.45,176.11,220.51,249.38,20201204
32.25,16.18,32.19,20.18,-8.45,133.46,176.05,220.41,249.28,20201205
32.18,16.09,32.12,20.16,-8.45,133.46,175.59,220.31,249.19,20201206
32.11,16.0,32.04,20.14,-8.47,133.46,175.52,220.22,249.1,20201207
32.05,15.51,31.58,20.12,-8.48,133.45,175.45,220.13,249.01,20201208
31.59,15.42,31.51,20.11,-8.5,133.44,175.39,220.04,248.52,20201209
31.53,15.34,31.45,20.1,-8.52,133.43,175.32,219.55,248.44,20201210
31.48,15.26,31.4,20.09,-8.55,133.41,175.25,219.47,248.37,20201211
31.44,15.18,31.35,20.09,-8.57,133.39,175.18,219.38,248.29,20201212
31.4,15.11,31.3,20.1,-8.61,133.37,175.1,219.3,248.22,20201213
31.36,15.04,31.26,20.1,-8.64,133.34,175.03,219.22,248.15,20201214
31.33,14.57,31.23,20.12,-8.68,133.31,174.56,219.15,248.09,20201215
31.3,14.51,31.19,20.13,-8.72,133.28,174.48,219.07,248.03,20201216
31.28,14.45,31.17,20.15,-8.76,133.24,174.4,219.0,247.57,20201217
31.26,14.39,31.14,20.17,-8.81,133.2,174.33,218.53,247.52,20201218
31.25,14.33,31.12,20.2,-8.86,133.15,174.25,218.46,247.47,20201219
31.24,14.28,31.11,20.23,-8.91,133.11,174.17,218.39,247.43,20201220
31.23,14.24,31.1,20.27,-8.97,133.05,174.09,218.33,247.39,20201221
31.24,14.19,31.09,20.31,-7.42,133.0,174.01,218.27,247.35,20201222
31.24,14.15,31.09,20.35,-7.48,132.54,173.53,218.21,247.31,20201223
31.25,14.11,31.1,20.4,-7.55,132.48,173.45,218.16,247.28,20201224
31.27,14.08,31.1,20.45,-7.61,132.42,173.37,218.11,247.26,20201225
31.29,14.05,31.12,20.5,-7.68,132.35,173.29,218.06,247.24,20201226
31.31,14.02,31.13,20.56,-7.75,132.29,173.2,218.01,247.22,20201227
31.34,14.0,31.16,21.02,-7.82,132.21,173.12,217.57,247.21,20201228
31.38,13.58,31.18,21.09,-7.9,132.14,173.04,217.53,247.2,20201229
31.41,13.57,31.21,21.16,-7.97,132.06,172.56,217.49,247.19,20201230
31.46,13.55,31.25,21.23,-6.45,131.58,172.48,217.46,247.19,20201231
31.5,13.55,31.29,21.31,-6.54,131.5,172.39,217.43,247.19,20210101
31.56,13.54,31.33,21.39,-6.62,131.41,172.31,217.4,247.2,20210102
32.01,13.54,31.38,21.47,-6.7,131.33,172.23,217.38,247.21,20210103
32.08,13.55,31.44,21.55,-6.79,131.24,172.15,217.36,247.22,20210104
32.14,13.55,31.49,22.04,-6.88,131.14,172.07,217.34,247.24,20210105
32.21,13.56,31.56,22.14,-6.97,131.05,171.58,217.33,247.27,20210106
32.29,13.58,32.02,22.23,-5.46,130.55,171.5,217.31,247.3,20210107
32.37,14.0,32.09,22.33,-5.56,130.45,171.42,217.31,247.33,20210108
32.45,14.02,32.17,22.43,-5.66,130.35,171.34,217.3,247.36,20210109
32.54,14.05,32.25,22.54,-5.75,130.25,171.26,217.3,247.4,20210110
33.03,14.08,32.33,23.05,-5.85,130.14,171.18,217.31,247.45,20210111
33.13,14.11,32.42,23.16,-5.95,130.03,171.1,217.31,247.49,20210112
33.23,14.15,32.51,23.27,-4.45,129.52,171.02,217.32,247.55,20210113
33.33,14.19,33.01,23.39,-4.56,129.41,170.54,217.34,248.0,20210114
33.44,14.24,33.11,23.51,-4.66,129.29,170.47,217.35,248.06,20210115
33.55,14.29,33.22,24.03,-4.77,129.18,170.39,217.38,248.13,20210116
34.07,14.34,33.33,24.15,-4.88,129.06,170.31,217.4,248.2,20210117
34.19,14.4,33.44,24.28,-4.98,128.54,170.24,217.43,248.27,20210118
34.32,14.46,33.56,24.41,-3.49,128.42,170.16,217.46,248.35,20210119
34.45,14.52,34.08,24.54,-3.6,128.3,170.09,217.5,248.43,20210120
34.58,14.59,34.2,25.07,-3.71,128.18,170.02,217.54,248.51,20210121
35.11,15.06,34.33,25.21,-3.82,128.05,169.55,217.58,249.0,20210122
35.25,15.14,34.46,25.35,-3.93,127.52,169.48,218.03,249.09,20210123
35.4,15.22,35.0,25.49,-2.45,127.4,169.41,218.09,249.19,20210124
35.54,15.3,35.14,26.03,-2.56,127.27,169.34,218.14,249.29,20210125
36.09,15.39,35.28,26.17,-2.67,127.14,169.27,218.2,249.4,20210126
36.25,15.48,35.43,26.32,-2.79,127.0,169.21,218.27,249.5,20210127
36.4,15.58,35.58,26.47,-2.9,126.47,169.14,218.34,250.02,20210128
36.56,16.07,36.13,27.02,-1.42,126.34,169.08,218.41,250.13,20210129
37.13,16.18,36.29,27.17,-1.53,126.2,169.02,218.48,250.25,20210130
37.29,16.28,36.45,27.32,-1.65,126.07,168.56,218.57,250.37,20210131
37.46,16.39,37.01,27.47,-1.77,125.53,168.5,219.05,250.5,20210201
38.04,16.5,37.18,28.03,-1.88,125.39,168.44,219.14,251.03,20210202
38.21,17.01,37.35,28.18,-2.0,125.25,168.38,219.23,251.16,20210203
38.39,17.13,37.52,28.34,-0.52,125.11,168.33,219.33,251.3,20210204
38.57,17.25,38.1,28.5,-0.63,124.57,168.27,219.43,251.44,20210205
39.16,17.38,38.28,29.06,-0.75,124.43,168.22,219.53,251.58,20210206
39.34,17.5,38.46,29.22,-0.87,124.28,168.17,220.04,252.13,20210207
39.53,18.03,39.05,29.38,-0.98,124.14,168.12,220.15,252.28,20210208
40.12,18.17,39.24,29.55,0.5,123.59,168.07,220.27,252.43,20210209
40.32,18.3,39.43,30.11,0.38,123.45,168.02,220.39,252.58,20210210
40.51,18.44,40.02,30.28,0.26,123.3,167.57,220.52,253.14,20210211
41.11,18.58,40.22,30.44,0.15,123.16,167.53,221.04,253.3,20210212
41.31,19.13,40.41,31.01,0.03,123.01,167.48,221.18,253.47,20210213
41.52,19.27,41.02,31.18,0.09,122.46,167.44,221.31,254.03,20210214
42.12,19.42,41.22,31.34,0.2,122.31,167.4,221.45,254.2,20210215
42.33,19.58,41.42,31.51,0.32,122.16,167.36,222.0,254.38,20210216
42.54,20.13,42.03,32.08,0.44,122.01,167.32,222.15,254.55,20210217
43.15,20.29,42.24,32.25,0.55,121.46,167.29,222.3,255.13,20210218
43.36,20.45,42.45,32.42,1.07,121.31,167.25,222.45,255.31,20210219
43.58,21.01,43.07,32.58,1.18,121.15,167.22,223.01,255.49,20210220
44.2,21.17,43.28,33.15,1.3,121.0,167.19,223.18,256.08,20210221
44.41,21.34,43.5,33.32,1.4100000000000001,120.45,167.16,223.34,256.27,20210222
45.03,21.5,44.12,33.49,1.52,120.29,167.13,223.52,256.46,20210223
45.26,22.07,44.34,34.06,2.04,120.14,167.1,224.09,257.05,20210224
45.48,22.25,44.56,34.23,2.15,119.58,167.07,224.27,257.24,20210225
46.1,22.42,45.19,34.4,2.26,119.43,167.05,224.45,257.44,20210226
46.33,22.59,45.42,34.56,2.37,119.27,167.03,225.04,258.03,20210227
46.55,23.17,46.04,35.13,2.48,119.12,167.0,225.23,258.23,20210228
47.18,23.35,46.27,35.3,3.0,118.56,166.58,225.42,258.44,20210301
47.41,23.53,46.5,35.46,3.11,118.4,166.56,226.01,259.04,20210302
48.04,24.11,47.13,36.03,3.22,118.24,166.54,226.21,259.24,20210303
48.27,24.29,47.37,36.2,3.33,118.08,166.53,226.42,259.45,20210304
48.5,24.47,48.0,36.36,3.43,117.52,166.51,227.02,260.06,20210305
49.13,25.06,48.23,36.53,3.54,117.36,166.5,227.23,260.27,20210306
49.37,25.24,48.47,37.09,4.05,117.2,166.48,227.44,260.48,20210307
50.0,25.43,49.11,37.25,4.16,117.04,166.47,228.06,261.09,20210308
50.23,26.01,49.34,37.42,4.27,116.48,166.46,228.28,261.3,20210309
50.47,26.2,49.58,37.58,4.37,116.31,166.45,228.5,261.51,20210310
51.1,26.39,50.22,38.14,4.48,116.15,166.44,229.12,262.13,20210311
51.34,26.58,50.46,38.3,4.59,115.58,166.43,229.35,262.34,20210312
51.58,27.17,51.1,38.46,5.09,115.42,166.42,229.58,262.56,20210313
52.21,27.36,51.34,39.02,5.2,115.25,166.41,230.21,263.18,20210314
52.45,27.55,51.58,39.18,5.3,115.09,166.41,230.44,263.4,20210315
53.09,28.14,52.22,39.33,5.4,114.52,166.4,231.08,264.01,20210316
53.33,28.33,52.46,39.49,5.51,114.35,166.4,231.32,264.23,20210317
53.56,28.52,53.1,40.04,6.01,114.18,166.39,231.56,264.45,20210318
54.2,29.11,53.34,40.2,6.11,114.01,166.39,232.21,265.07,20210319
54.44,29.3,53.58,40.35,6.21,113.44,166.39,232.45,265.29,20210320
55.07,29.49,54.23,40.5,6.31,113.27,166.39,233.1,265.51,20210321
55.31,30.08,54.47,41.05,6.41,113.1,166.38,233.35,266.13,20210322
55.55,30.27,55.11,41.2,6.51,112.53,166.38,234.01,266.35,20210323
56.18,30.46,55.35,41.34,7.01,112.36,166.38,234.26,266.57,20210324
56.42,31.05,55.59,41.49,7.11,112.18,166.38,234.52,267.2,20210325
57.06,31.24,56.23,42.03,7.21,112.01,166.38,235.17,267.42,20210326
57.29,31.42,56.47,42.17,7.31,111.44,166.38,235.43,268.04,20210327
57.52,32.01,57.11,42.32,7.41,111.26,166.38,236.09,268.26,20210328
58.16,32.2,57.35,42.46,7.5,111.08,166.38,236.36,268.47,20210329
58.39,32.38,57.58,43.0,8.0,110.51,166.39,237.02,269.09,20210330
59.02,32.57,58.22,43.13,8.1,110.33,166.39,237.28,269.31,20210331
59.26,33.15,58.46,43.27,8.19,110.15,166.39,237.55,269.53,20210401
59.49,33.33,59.09,43.4,8.29,109.57,166.39,238.21,270.15,20210402
60.12,33.51,59.33,43.54,8.38,109.39,166.38,238.48,270.36,20210403
60.35,34.09,59.56,44.07,8.48,109.21,166.38,239.15,270.58,20210404
60.57,34.27,60.19,44.2,8.57,109.03,166.38,239.41,271.19,20210405
61.2,34.44,60.42,44.33,9.07,108.45,166.38,240.08,271.41,20210406
61.43,35.02,61.05,44.46,9.16,108.26,166.37,240.35,272.02,20210407
62.05,35.19,61.28,44.58,9.26,108.08,166.37,241.02,272.23,20210408
62.28,35.36,61.51,45.11,9.35,107.5,166.36,241.29,272.44,20210409
62.5,35.53,62.13,45.23,9.44,107.31,166.36,241.56,273.05,20210410
63.12,36.1,62.36,45.35,9.53,107.12,166.35,242.22,273.25,20210411
63.34,36.26,62.58,45.48,10.03,106.54,166.34,242.49,273.46,20210412
63.56,36.43,63.2,45.59,10.12,106.35,166.33,243.16,274.06,20210413
64.17,36.59,63.42,46.11,10.21,106.16,166.31,243.43,274.27,20210414
64.39,37.15,64.04,46.23,10.3,105.58,166.3,244.09,274.47,20210415
65.0,37.3,64.26,46.34,10.39,105.39,166.28,244.36,275.07,20210416
65.21,37.46,64.47,46.46,10.48,105.2,166.27,245.02,275.26,20210417
65.42,38.01,65.08,46.57,10.57,105.01,166.25,245.29,275.46,20210418
66.03,38.16,65.29,47.08,11.06,104.42,166.22,245.55,276.05,20210419
66.24,38.31,65.5,47.19,11.15,104.23,166.2,246.21,276.25,20210420
66.44,38.45,66.11,47.3,11.24,104.04,166.17,246.47,276.44,20210421
67.05,38.59,66.31,47.41,11.33,103.45,166.14,247.13,277.02,20210422
67.25,39.13,66.52,47.51,11.42,103.27,166.11,247.39,277.21,20210423
67.44,39.27,67.12,48.02,11.51,103.08,166.08,248.04,277.39,20210424
68.04,39.4,67.31,48.12,11.59,102.49,166.04,248.29,277.57,20210425
68.23,39.54,67.51,48.22,12.08,102.3,166.0,248.54,278.15,20210426
68.43,40.07,68.1,48.32,12.17,102.11,165.56,249.19,278.33,20210427
69.02,40.19,68.29,48.42,12.25,101.52,165.51,249.44,278.5,20210428
69.2,40.31,68.48,48.52,12.34,101.33,165.46,250.08,279.07,20210429
69.39,40.43,69.06,49.01,12.43,101.15,165.41,250.32,279.24,20210430
69.57,40.55,69.24,49.11,12.51,100.56,165.35,250.56,279.4,20210501
70.15,41.07,69.42,49.2,13.0,100.37,165.29,251.2,279.57,20210502
70.33,41.18,70.0,49.3,13.08,100.19,165.22,251.43,280.13,20210503
70.5,41.28,70.17,49.39,13.16,100.0,165.15,252.06,280.29,20210504
71.07,41.39,70.35,49.48,13.25,99.42,165.07,252.29,280.44,20210505
71.24,41.49,70.51,49.57,13.33,99.24,165.0,252.51,280.59,20210506
71.41,41.59,71.08,50.05,13.41,99.05,164.51,253.13,281.14,20210507
71.57,42.08,71.24,50.14,13.5,98.47,164.42,253.35,281.28,20210508
72.13,42.18,71.4,50.23,13.58,98.29,164.33,253.56,281.43,20210509
72.29,42.27,71.55,50.31,14.06,98.12,164.23,254.17,281.57,20210510
72.45,42.35,72.1,50.4,14.14,97.54,164.13,254.38,282.1,20210511
73.0,42.43,72.25,50.48,14.22,97.37,164.02,254.58,282.23,20210512
73.15,42.51,72.4,50.56,14.3,97.19,163.5,255.17,282.36,20210513
73.29,42.59,72.54,51.04,14.38,97.02,163.39,255.37,282.49,20210514
73.44,43.06,73.08,51.12,14.45,96.45,163.26,255.56,283.01,20210515
73.58,43.13,73.21,51.2,14.53,96.29,163.13,256.14,283.13,20210516
74.11,43.2,73.34,51.27,15.01,96.12,163.0,256.32,283.25,20210517
74.25,43.26,73.47,51.35,15.08,95.56,162.46,256.5,283.36,20210518
74.38,43.32,74.0,51.42,15.16,95.4,162.32,257.07,283.47,20210519
74.5,43.38,74.12,51.5,15.23,95.25,162.17,257.23,283.58,20210520
75.03,43.43,74.23,51.57,15.31,95.09,162.02,257.39,284.08,20210521
75.15,43.48,74.34,52.04,15.38,94.54,161.46,257.55,284.18,20210522
75.26,43.53,74.45,52.11,15.45,94.39,161.3,258.1,284.27,20210523
75.37,43.58,74.56,52.18,15.52,94.25,161.14,258.25,284.36,20210524
75.48,44.02,75.06,52.25,15.59,94.11,160.57,258.39,284.45,20210525
75.59,44.06,75.15,52.31,16.06,93.57,160.4,258.52,284.53,20210526
76.09,44.09,75.25,52.38,16.12,93.43,160.22,259.05,285.01,20210527
76.19,44.13,75.34,52.44,16.19,93.3,160.04,259.18,285.09,20210528
76.28,44.16,75.42,52.5,16.25,93.18,159.46,259.3,285.16,20210529
76.37,44.18,75.5,52.56,16.32,93.05,159.27,259.41,285.23,20210530
76.46,44.21,75.58,53.02,16.38,92.53,159.08,259.52,285.3,20210531
76.54,44.23,76.05,53.08,16.44,92.41,158.49,260.02,285.36,20210601
77.02,44.25,76.12,53.14,16.5,92.3,158.3,260.12,285.41,20210602
77.09,44.26,76.18,53.2,16.56,92.19,158.11,260.21,285.47,20210603
77.17,44.28,76.24,53.25,17.01,92.09,157.52,260.29,285.52,20210604
77.23,44.29,76.29,53.31,17.07,91.59,157.32,260.37,285.56,20210605
77.3,44.3,76.35,53.36,17.12,91.5,157.13,260.44,286.0,20210606
77.36,44.3,76.39,53.41,17.18,91.4,156.54,260.51,286.04,20210607
77.41,44.3,76.44,53.46,17.23,91.32,156.35,260.57,286.08,20210608
77.46,44.3,76.47,53.51,17.28,91.24,156.16,261.02,286.11,20210609
77.51,44.3,76.51,53.55,17.33,91.16,155.57,261.07,286.13,20210610
77.55,44.3,76.54,54.0,17.37,91.09,155.38,261.11,286.16,20210611
77.59,44.29,76.56,54.04,17.42,91.02,155.2,261.14,286.17,20210612
78.03,44.28,76.59,54.09,17.46,90.55,155.03,261.17,286.19,20210613
78.06,44.27,77.0,54.13,17.5,90.5,154.45,261.19,286.2,20210614
78.08,44.25,77.02,54.16,17.54,90.44,154.29,261.21,286.21,20210615
78.11,44.24,77.03,54.2,17.57,90.4,154.13,261.22,286.21,20210616
78.13,44.22,77.03,54.24,18.01,90.35,153.57,261.22,286.21,20210617
78.14,44.2,77.03,54.27,18.04,90.32,153.42,261.22,286.21,20210618
78.15,44.18,77.03,54.3,18.07,90.28,153.28,261.21,286.2,20210619
78.16,44.16,77.03,54.33,18.1,90.26,153.15,261.19,286.19,20210620
78.16,44.13,77.02,54.36,18.13,90.23,153.02,261.17,286.17,20210621
78.16,44.1,77.0,54.38,18.15,90.22,152.5,261.14,286.15,20210622
78.15,44.07,76.58,54.4,18.17,90.2,152.4,261.11,286.13,20210623
78.14,44.04,76.56,54.42,18.19,90.2,152.3,261.07,286.1,20210624
78.13,44.01,76.54,54.44,18.21,90.2,152.2,261.02,286.07,20210625
78.11,43.58,76.51,54.46,18.22,90.2,152.12,260.57,286.04,20210626
78.09,43.54,76.48,54.47,18.23,90.21,152.05,260.51,286.0,20210627
78.06,43.51,76.44,54.48,18.24,90.22,151.59,260.45,285.56,20210628
78.03,43.47,76.4,54.49,18.25,90.24,151.53,260.38,285.52,20210629
77.59,43.43,76.36,54.5,18.26,90.27,151.49,260.3,285.47,20210630
77.55,43.39,76.31,54.51,18.26,90.3,151.45,260.22,285.42,20210701
